time,ax,ay,az,atotal
0.000,0.90,0.04,0.52,1.04
0.010,0.52,0.07,0.32,0.62
0.020,0.09,0.16,0.01,0.19
0.030,-0.22,0.16,-0.23,0.35
0.040,-0.24,0.07,-0.33,0.41
0.050,-0.10,-0.01,-0.44,0.45
0.060,-0.01,0.03,-0.42,0.42
0.071,0.04,0.07,-0.31,0.32
0.081,0.16,0.07,-0.28,0.33
0.091,0.24,0.14,-0.31,0.41
0.101,0.23,0.18,-0.26,0.39
0.111,0.16,0.16,-0.15,0.27
0.121,0.10,0.16,-0.05,0.20
0.131,0.13,0.11,0.09,0.20
0.141,0.19,0.06,0.12,0.23
0.151,0.31,-0.02,-0.19,0.36
0.161,0.08,-0.00,-0.53,0.53
0.171,-0.43,0.27,-0.31,0.60
0.181,-0.33,0.14,-0.04,0.36
0.191,-0.17,-0.23,0.17,0.33
0.201,-0.18,-0.42,0.27,0.53
0.211,-0.22,-0.33,0.32,0.51
0.222,-0.17,-0.20,0.30,0.40
0.232,0.03,-0.14,0.21,0.25
0.242,0.13,-0.04,0.19,0.24
0.252,0.01,0.06,0.23,0.24
0.262,-0.03,0.08,0.23,0.24
0.272,0.04,0.04,0.17,0.18
0.282,0.09,0.11,0.16,0.21
0.292,0.15,0.30,0.34,0.48
0.302,0.31,0.41,0.23,0.56
0.312,0.41,0.29,-0.10,0.51
0.322,0.08,0.17,-0.17,0.25
0.332,0.06,0.04,-0.18,0.19
0.342,0.00,-0.04,-0.23,0.23
0.352,-0.23,-0.04,-0.35,0.42
0.363,-0.39,-0.19,-0.58,0.72
0.373,-0.48,-0.23,-0.69,0.87
0.383,-0.44,-0.17,-0.77,0.90
0.393,-0.29,-0.11,-0.66,0.73
0.403,0.08,-0.21,0.20,0.30
0.413,0.55,-0.17,0.26,0.63
0.423,0.49,-0.15,0.29,0.59
0.433,0.47,-0.30,0.49,0.74
0.443,0.43,-0.27,0.32,0.60
0.453,0.13,-0.26,0.28,0.40
0.463,0.20,-0.30,0.29,0.46
0.473,0.39,-0.19,0.20,0.48
0.483,0.36,-0.12,0.00,0.37
0.493,0.24,-0.11,-0.21,0.34
0.503,0.09,-0.17,-0.29,0.35
0.514,0.08,-0.32,-0.31,0.45
0.524,0.28,-0.27,-0.10,0.40
0.534,0.58,-0.16,0.23,0.64
0.544,0.80,-0.14,0.43,0.92
0.554,0.80,-0.15,0.48,0.95
0.564,0.55,-0.33,0.39,0.75
0.574,0.02,-0.52,0.17,0.55
0.584,-0.14,-0.39,0.07,0.42
0.594,-0.01,-0.40,-0.11,0.42
0.604,0.13,-0.31,-0.12,0.36
0.615,0.51,-0.22,-0.08,0.56
0.624,0.39,0.03,0.12,0.41
0.634,0.52,-0.09,-0.06,0.53
0.644,0.53,-0.17,-0.26,0.62
0.655,-0.01,-0.08,-0.37,0.38
0.665,-0.29,-0.21,-0.60,0.70
0.675,-0.30,-0.16,-0.55,0.65
0.685,-0.17,-0.13,-0.39,0.44
0.695,-0.12,-0.11,-0.47,0.50
0.705,-0.21,0.02,-0.59,0.63
0.715,-0.32,0.10,-0.67,0.74
0.725,-0.47,0.05,-0.58,0.75
0.735,-0.61,0.02,-0.39,0.73
0.745,-0.55,0.02,-0.10,0.56
0.755,-0.16,0.10,0.38,0.42
0.765,0.13,0.14,0.63,0.66
0.775,0.05,0.11,0.50,0.51
0.785,-0.07,0.01,0.18,0.20
0.795,-0.33,-0.11,-0.05,0.35
0.806,-0.54,-0.07,0.07,0.55
0.816,-0.39,-0.10,0.41,0.58
0.826,-0.25,-0.12,0.68,0.73
0.836,-0.06,-0.11,0.84,0.85
0.846,0.17,-0.16,0.93,0.95
0.856,0.19,-0.44,0.82,0.95
0.866,-0.13,-0.58,0.54,0.80
0.876,-0.31,-0.78,0.18,0.86
0.886,-0.20,-1.02,-0.16,1.06
0.896,0.19,-1.07,-0.54,1.21
0.906,0.31,-0.76,-0.86,1.18
0.916,0.30,-0.69,-1.01,1.26
0.926,0.21,-0.70,-1.09,1.31
0.936,0.15,-0.72,-1.00,1.24
0.947,0.16,-0.39,-0.88,0.97
0.957,0.40,-0.55,-0.51,0.85
0.967,0.15,-0.26,-0.25,0.39
0.977,0.58,-0.73,0.19,0.95
0.987,0.69,-0.69,0.64,1.17
0.997,0.72,-0.77,0.17,1.07
1.007,0.45,-0.74,-0.58,1.05
1.017,0.28,-0.57,-1.35,1.49
1.027,0.39,-0.61,-1.94,2.07
1.037,0.50,-0.72,-2.41,2.56
1.047,0.46,-0.86,-2.34,2.53
1.057,0.23,-0.52,-1.13,1.26
1.067,0.68,-0.37,-0.57,0.96
1.077,0.90,-0.53,-0.61,1.21
1.087,0.38,-0.98,-0.74,1.29
1.098,-1.37,-1.07,-0.07,1.74
1.108,-0.99,-0.05,0.85,1.31
1.118,-0.24,0.77,1.09,1.35
1.128,-0.08,0.01,1.02,1.03
1.138,0.45,-0.42,0.50,0.79
1.148,0.51,0.18,0.03,0.55
1.158,-0.36,0.28,-0.43,0.63
1.168,-1.19,-0.17,-0.70,1.39
1.178,-1.43,-0.27,-0.66,1.60
1.188,-1.37,-0.44,-0.59,1.56
1.198,-1.41,-0.71,-0.58,1.68
1.208,-1.60,-0.94,-0.48,1.92
1.218,-1.77,-0.90,-0.02,1.98
1.228,-2.06,-0.66,0.55,2.23
1.239,-2.49,-0.92,0.81,2.77
1.249,-2.14,-1.44,0.78,2.69
1.259,-1.50,-1.60,0.45,2.24
1.269,-1.71,-1.93,0.34,2.60
1.279,-2.02,-2.21,0.17,3.00
1.289,-1.83,-2.35,0.07,2.98
1.299,-1.59,-2.36,0.53,2.90
1.309,-1.54,-1.97,1.28,2.81
1.319,-1.59,-1.55,1.79,2.85
1.329,-1.73,-1.59,1.76,2.93
1.339,-1.90,-1.63,1.54,2.94
1.349,-1.52,-1.58,1.43,2.62
1.359,-0.04,-1.25,1.74,2.14
1.369,1.45,-0.60,2.43,2.89
1.380,1.90,0.03,2.59,3.21
1.390,1.60,0.30,2.13,2.68
1.400,1.02,0.22,1.35,1.71
1.410,0.53,0.29,0.63,0.88
1.420,0.59,0.80,0.20,1.01
1.430,1.05,1.36,0.19,1.73
1.440,1.56,1.83,0.57,2.47
1.450,1.73,2.10,0.82,2.84
1.460,1.34,2.07,0.84,2.61
1.470,0.89,1.87,0.51,2.14
1.480,2.56,3.20,1.64,4.41
1.490,12.04,8.94,4.88,15.78
1.500,12.47,8.33,4.13,15.56
1.511,6.22,4.08,1.69,7.63
1.521,1.76,2.68,-0.07,3.21
1.531,-1.68,1.40,-0.15,2.19
1.541,-3.57,-0.22,0.04,3.57
1.551,-2.99,-0.54,-0.54,3.08
1.561,-1.82,-0.47,-1.04,2.15
1.571,-1.57,-0.89,-1.07,2.10
1.581,-2.04,-1.51,-0.37,2.57
1.591,-2.88,-2.16,0.64,3.65
1.601,-3.47,-2.53,1.28,4.48
1.611,-3.55,-2.35,1.68,4.57
1.621,-3.22,-2.13,1.71,4.22
1.631,-2.54,-2.01,1.43,3.54
1.641,-1.08,-0.72,1.65,2.10
1.652,-0.71,1.35,1.98,2.50
1.661,-0.33,1.05,1.43,1.81
1.672,0.71,-0.50,0.63,1.07
1.682,1.11,-0.70,0.41,1.38
1.692,1.54,-0.82,0.53,1.82
1.702,1.26,-1.10,0.42,1.72
1.712,-1.14,0.07,-0.10,1.14
1.722,-1.74,0.94,-0.87,2.16
1.732,-0.97,0.26,-1.07,1.47
1.742,-0.78,-0.30,-0.50,0.97
1.752,-1.06,-0.20,-0.03,1.08
1.762,-1.45,-0.38,-0.07,1.50
1.772,-3.21,1.04,-0.17,3.38
1.782,-4.00,1.49,-0.05,4.27
1.792,-2.08,-0.08,0.33,2.11
1.803,-1.61,-0.37,1.00,1.93
1.812,-1.83,0.44,1.19,2.23
1.823,-1.50,1.52,0.98,2.35
1.833,-0.53,1.57,0.60,1.76
1.843,0.57,0.42,0.41,0.82
1.853,3.60,-0.91,-0.83,3.81
1.863,8.76,-2.78,-1.66,9.34
1.873,8.12,-0.61,-1.75,8.33
1.883,3.78,2.89,-3.71,6.03
1.893,2.88,2.31,-2.62,4.53
1.903,3.15,0.82,-2.41,4.05
1.913,0.17,0.17,-2.55,2.56
1.923,-0.59,0.48,-1.84,1.99
1.933,0.06,0.95,-0.22,0.98
1.943,-0.75,0.74,0.16,1.07
1.954,-0.80,-0.22,0.01,0.83
1.964,-0.14,-0.92,0.17,0.95
1.974,0.38,-1.24,0.55,1.41
1.984,0.46,-1.62,1.65,2.36
1.994,0.09,-1.97,3.04,3.63
2.004,0.31,-1.37,2.37,2.76
2.014,1.46,-0.23,-0.29,1.50
2.024,0.81,-0.39,0.28,0.94
2.034,0.57,-0.01,0.29,0.64
2.044,0.57,0.65,0.26,0.91
2.054,0.00,0.15,0.14,0.21
2.064,-0.88,0.66,2.62,2.85
2.074,1.16,1.12,4.42,4.71
2.084,1.50,1.06,1.28,2.24
2.094,-0.08,0.99,-1.00,1.41
2.105,-2.04,1.33,-5.01,5.57
2.115,-3.02,1.97,-5.90,6.92
2.125,-1.86,1.94,-3.83,4.67
2.135,-1.03,0.93,-1.00,1.71
2.145,-0.50,0.18,0.45,0.70
2.155,-0.20,-0.24,0.44,0.54
2.165,0.26,-0.27,-0.17,0.41
2.175,1.15,0.13,-0.73,1.37
2.185,1.68,0.46,-0.86,1.94
2.195,2.26,0.42,-0.19,2.30
2.205,2.56,0.38,0.78,2.70
2.215,3.21,0.93,1.30,3.58
2.225,3.01,1.50,1.08,3.53
2.235,2.13,1.52,0.33,2.64
2.245,1.57,1.84,-0.34,2.44
2.256,0.44,2.12,-0.66,2.27
2.266,-0.56,2.61,-0.42,2.70
2.276,-1.30,2.72,-1.01,3.18
2.286,0.10,2.80,1.12,3.02
2.296,0.20,3.16,0.57,3.22
2.306,-0.55,3.07,0.26,3.13
2.316,-2.43,2.27,-0.50,3.36
2.326,-3.68,1.81,-1.38,4.33
2.336,-5.28,1.97,-0.95,5.71
2.346,-5.09,-0.64,-0.77,5.19
2.356,-3.35,-4.86,1.84,6.18
2.366,-2.67,-5.74,5.46,8.36
2.376,-3.07,-3.62,4.73,6.70
2.387,-1.80,-3.30,1.05,3.90
2.397,0.14,-3.43,-1.70,3.83
2.407,0.83,-3.55,-1.88,4.10
2.417,0.55,-3.38,0.45,3.46
2.427,1.62,-2.10,1.33,2.96
2.437,5.10,-1.13,-0.42,5.24
2.447,7.40,-0.60,-0.38,7.43
2.457,8.04,0.88,0.20,8.09
2.467,4.96,0.14,1.16,5.10
2.477,0.61,-0.60,0.42,0.95
2.487,-1.75,0.07,-0.31,1.78
2.497,-2.23,-0.22,-0.33,2.27
2.507,-2.88,-1.19,-0.62,3.18
2.517,-3.47,-2.59,-0.01,4.33
2.527,-2.04,-1.73,-0.54,2.73
2.538,-0.29,-0.31,-1.43,1.49
2.548,1.53,1.26,-0.42,2.02
2.558,2.03,1.65,0.19,2.63
2.568,0.94,0.67,-0.31,1.20
2.578,0.54,0.52,0.65,0.99
2.588,-0.09,0.19,1.72,1.73
2.598,-0.95,-0.31,1.58,1.87
2.608,-1.22,-0.34,1.00,1.62
2.618,-1.05,-0.70,0.16,1.28
2.628,-0.42,-0.94,-0.42,1.12
2.638,0.39,-1.09,-0.78,1.39
2.648,0.99,-1.09,-1.08,1.83
2.658,1.10,-0.83,-1.03,1.72
2.668,0.64,-0.75,-0.84,1.30
2.678,-0.09,-0.16,-0.46,0.50
2.689,-1.37,-0.01,0.03,1.37
2.699,-1.97,-0.23,0.47,2.04
2.709,-1.02,0.03,0.61,1.19
2.719,-0.02,0.19,0.65,0.68
2.729,0.91,0.93,0.69,1.48
2.739,1.49,1.48,0.66,2.20
2.749,1.02,1.72,0.44,2.05
2.759,-0.57,1.30,0.38,1.48
2.769,-0.57,1.12,0.85,1.52
2.779,-0.30,1.05,0.52,1.21
2.789,-0.47,1.48,-0.48,1.63
2.799,-0.58,1.59,-1.01,1.97
2.809,-0.67,0.35,-1.20,1.42
2.820,-0.71,-0.33,-1.50,1.69
2.829,-0.45,-0.06,-1.34,1.41
2.840,-0.72,-0.05,-0.98,1.22
2.850,-0.57,0.59,-0.45,0.93
2.860,-0.59,1.71,0.00,1.81
2.870,-1.04,2.83,0.21,3.02
2.880,-1.29,3.35,0.24,3.60
2.890,-1.23,3.46,0.18,3.68
2.900,-1.04,2.91,0.22,3.09
2.910,-0.63,2.46,0.19,2.55
2.920,0.84,1.71,0.02,1.91
2.930,2.34,1.35,0.04,2.71
2.940,2.80,1.35,0.01,3.11
2.950,3.25,1.28,-0.35,3.51
2.960,2.63,1.84,-0.57,3.26
2.970,0.51,3.62,0.90,3.76
2.980,-1.12,1.55,1.76,2.60
2.991,-2.03,-1.87,1.40,3.10
3.001,-0.55,-2.61,3.43,4.34
3.011,1.06,-4.42,5.32,7.00
3.021,2.41,-4.89,5.44,7.70
3.031,3.12,-3.53,3.63,5.95
3.041,2.84,-3.53,-0.72,4.59
3.051,2.09,-3.81,-4.74,6.43
3.061,1.36,-2.80,-5.32,6.17
3.071,1.43,-0.93,-3.40,3.80
3.081,0.42,-0.54,-1.51,1.66
3.091,0.05,0.40,-1.04,1.11
3.101,-0.03,0.83,-1.06,1.35
3.112,-0.53,0.29,-0.85,1.04
3.122,-2.01,-1.14,0.04,2.31
3.132,-3.84,-2.65,0.98,4.77
3.142,-5.61,-3.89,1.11,6.91
3.152,-4.87,-3.37,0.84,5.98
3.162,-2.47,-1.49,0.23,2.90
3.172,-0.86,0.10,-0.47,0.99
3.182,-0.20,1.09,-0.66,1.29
3.192,0.09,1.54,-0.48,1.62
3.202,0.03,1.40,-0.17,1.41
3.212,0.12,0.79,0.20,0.83
3.222,0.39,0.18,0.43,0.61
3.232,0.53,-0.37,0.49,0.81
3.242,0.67,-0.80,0.40,1.11
3.252,0.69,-1.13,0.10,1.33
3.262,0.51,-1.27,-0.11,1.38
3.273,0.30,-1.15,-0.19,1.20
3.283,0.05,-0.82,-0.24,0.85
3.293,-0.12,-0.28,-0.14,0.34
3.303,-0.23,0.41,-0.03,0.48
3.313,-0.25,1.25,0.02,1.28
3.323,-0.36,1.55,0.01,1.60
3.333,-0.53,1.28,-0.03,1.39
3.343,-0.60,0.70,-0.05,0.92
3.353,-0.62,0.20,-0.10,0.66
3.363,-0.00,2.25,-0.14,2.25
3.373,1.48,6.26,-0.05,6.43
3.383,2.08,6.22,0.23,6.57
3.393,1.37,3.21,0.49,3.52
3.403,0.64,0.89,0.32,1.14
3.413,0.37,0.44,0.27,0.63
3.424,0.25,-0.08,0.17,0.32
3.434,0.43,-0.15,0.19,0.49
3.444,0.98,0.82,0.04,1.28
3.454,0.83,0.99,-0.33,1.34
3.464,0.79,0.77,-0.31,1.14
3.474,0.15,-0.29,-0.29,0.44
3.484,-1.08,-1.81,0.10,2.11
3.494,-1.97,-2.85,0.11,3.47
3.504,-2.03,-3.39,-0.01,3.95
3.514,-1.83,-3.49,-0.08,3.94
3.524,-1.22,-2.99,-0.24,3.24
3.534,-0.44,-2.32,-0.08,2.36
3.545,0.10,-1.00,-0.06,1.01
3.555,0.54,-0.71,-0.06,0.90
3.565,1.08,-1.71,0.28,2.04
3.575,1.03,-2.35,0.19,2.57
3.585,0.80,-2.54,-0.12,2.67
3.595,0.23,-2.24,-0.34,2.28
3.605,-0.22,-1.74,-0.62,1.86
3.615,-0.45,-2.26,-1.00,2.51
3.625,-0.44,-1.53,-1.16,1.97
3.635,-0.23,0.01,-0.57,0.61
3.645,-0.29,1.19,0.27,1.26
3.655,-0.35,1.89,0.73,2.06
3.665,-0.31,2.23,0.84,2.40
3.675,-0.23,2.26,0.79,2.40
3.685,-0.08,1.78,0.59,1.88
3.696,-0.10,0.83,0.23,0.87
3.706,-0.27,-0.07,-0.05,0.28
3.716,-0.24,-0.57,-0.19,0.65
3.726,-0.09,-0.84,-0.19,0.87
3.736,0.00,-0.86,-0.14,0.88
3.746,0.17,-0.57,-0.19,0.63
3.756,0.18,-0.21,-0.23,0.36
3.766,0.15,0.09,-0.14,0.22
3.776,0.10,0.38,-0.02,0.39
3.786,0.05,0.48,0.07,0.48
3.796,-0.06,0.36,0.15,0.40
3.806,-0.20,0.17,0.14,0.30
3.816,-0.34,-0.04,0.10,0.35
3.826,-0.44,-0.18,0.05,0.48
3.836,-0.42,-0.21,0.05,0.48
3.846,-0.35,-0.16,0.08,0.39
3.857,-0.25,-0.07,0.08,0.27
3.867,-0.19,0.02,0.05,0.19
3.877,-0.17,0.04,0.02,0.17
3.887,-0.15,0.01,-0.01,0.15
3.897,-0.17,-0.08,-0.01,0.19
3.907,-0.16,-0.18,0.06,0.25
3.917,-0.13,-0.23,0.07,0.27
3.927,-0.11,-0.21,0.06,0.24
3.937,-0.08,-0.15,0.06,0.18
3.947,-0.09,-0.09,0.04,0.13
3.957,-0.15,-0.07,0.00,0.17
3.967,-0.22,-0.08,-0.05,0.24
3.977,-0.14,0.06,-0.06,0.16
3.988,-0.08,0.22,0.00,0.24
3.998,-0.06,0.34,0.05,0.35
4.008,-0.08,0.31,0.04,0.32
4.018,-0.05,0.21,-0.04,0.22
4.028,-0.03,0.11,-0.08,0.14
4.038,-0.04,0.07,-0.08,0.11
4.048,-0.06,0.00,-0.06,0.08
4.058,-0.04,-0.08,-0.03,0.09
4.068,-0.02,-0.13,0.01,0.14
4.078,0.02,-0.15,0.03,0.15
4.088,0.07,-0.18,0.06,0.20
4.098,0.12,-0.20,0.03,0.23
4.108,0.13,-0.19,0.01,0.23
4.118,0.12,-0.16,0.00,0.20
4.129,0.08,-0.11,0.00,0.14
4.139,0.02,-0.03,-0.04,0.05
4.149,-0.02,0.03,-0.03,0.05
4.159,-0.06,0.08,-0.03,0.11
4.169,-0.06,0.12,-0.01,0.13
4.179,-0.01,0.11,0.00,0.11
4.189,0.05,0.07,-0.03,0.09
4.199,0.08,0.01,-0.02,0.08
4.209,0.11,-0.05,-0.03,0.12
4.219,0.09,-0.09,-0.04,0.13
4.229,0.08,-0.08,-0.02,0.12
4.239,0.10,-0.11,-0.02,0.15
4.249,0.10,-0.11,-0.05,0.16
4.259,0.10,-0.12,-0.06,0.17
4.270,0.09,-0.12,-0.04,0.15
4.280,0.10,-0.09,-0.01,0.14
4.290,0.08,-0.09,0.00,0.12
4.300,0.06,-0.07,-0.01,0.09
4.310,0.06,-0.04,-0.04,0.08
4.320,0.02,-0.00,-0.05,0.05
4.330,-0.01,0.03,-0.06,0.06
4.340,-0.04,0.10,-0.05,0.12
4.350,-0.07,0.18,-0.07,0.21
4.360,-0.02,0.25,-0.10,0.27
4.370,0.07,0.28,-0.06,0.30
4.380,0.09,0.28,-0.01,0.30
4.390,0.07,0.21,-0.03,0.22
4.400,0.11,0.07,-0.12,0.17
4.410,0.24,-0.05,-0.04,0.25
4.421,0.23,-0.08,0.22,0.33
4.430,0.03,0.07,0.09,0.11
4.441,-0.12,0.15,-0.28,0.34
4.451,-0.19,0.11,-0.30,0.37
4.461,-0.14,0.01,-0.08,0.16
4.471,-0.05,-0.17,0.09,0.20
4.481,0.05,-0.31,0.09,0.33
4.491,0.18,-0.38,0.05,0.43
4.501,0.24,-0.39,-0.05,0.46
4.511,0.23,-0.30,-0.12,0.39
4.521,0.15,-0.19,-0.09,0.26
4.531,0.04,-0.08,0.00,0.09
4.541,-0.07,0.02,0.06,0.10
4.551,-0.16,0.08,0.09,0.20
4.561,-0.17,0.10,0.06,0.21
4.572,-0.16,0.12,0.03,0.20
4.582,-0.16,0.16,-0.02,0.23
4.592,-0.25,0.17,-0.01,0.31
4.602,-0.35,0.19,0.04,0.41
4.612,-0.42,0.22,0.08,0.48
4.622,-0.50,0.22,0.10,0.55
4.632,-0.50,0.19,0.03,0.53
4.642,-0.46,0.15,-0.05,0.49
4.652,-0.38,0.09,-0.08,0.40
4.662,-0.27,0.06,0.01,0.28
4.672,-0.14,0.01,0.08,0.16
4.682,0.04,-0.06,0.10,0.13
4.692,0.23,-0.17,0.07,0.30
4.702,0.32,-0.25,0.03,0.41
4.713,0.33,-0.28,-0.00,0.43
4.723,0.30,-0.26,-0.00,0.40
4.733,0.20,-0.19,0.00,0.28
4.743,0.08,-0.11,0.02,0.14
4.753,-0.04,0.00,0.00,0.04
4.763,-0.13,0.04,0.01,0.14
4.773,-0.15,0.03,0.03,0.15
4.783,-0.14,-0.01,0.01,0.14
4.793,-0.10,-0.06,0.00,0.12
4.803,-0.06,-0.07,-0.01,0.10
4.813,-0.01,-0.11,-0.00,0.11
4.823,0.03,-0.12,0.01,0.13
4.833,0.10,-0.09,-0.03,0.14
4.843,0.15,-0.06,-0.04,0.17
4.854,0.14,0.02,-0.05,0.15
4.863,0.18,0.09,-0.06,0.21
4.874,0.14,0.12,-0.08,0.20
4.884,0.14,0.15,-0.07,0.21
4.894,0.11,0.14,-0.09,0.20
4.904,0.10,0.10,-0.08,0.17
4.914,0.08,0.06,-0.07,0.12
4.924,0.07,0.02,-0.03,0.08
4.934,0.07,-0.02,-0.03,0.08
4.944,0.09,-0.05,-0.04,0.11
4.954,0.12,-0.05,-0.03,0.13
4.964,0.13,-0.04,-0.01,0.13
4.974,0.14,-0.02,-0.00,0.14
4.984,0.08,0.01,-0.02,0.09
4.994,0.04,0.01,-0.04,0.05
5.005,-0.01,0.02,-0.04,0.05
5.015,-0.03,-0.00,-0.02,0.04
5.025,-0.04,-0.01,0.00,0.04
5.035,-0.03,-0.03,0.02,0.05
5.045,-0.03,-0.04,0.00,0.04
5.055,-0.04,-0.03,0.01,0.06
5.065,-0.05,-0.01,0.02,0.06
5.075,-0.03,0.00,0.01,0.03
5.085,-0.02,0.01,0.03,0.04
5.095,-0.01,-0.01,0.01,0.02
5.105,-0.02,-0.01,-0.01,0.03
5.115,-0.05,0.02,-0.00,0.06
5.125,-0.06,0.06,-0.01,0.08
5.135,-0.06,0.05,0.02,0.08
5.146,-0.07,0.02,0.03,0.08
5.156,-0.08,-0.00,0.00,0.08
5.166,-0.09,-0.02,-0.03,0.09
5.176,-0.08,-0.03,-0.01,0.08
5.186,-0.08,-0.03,0.00,0.08
5.196,-0.07,-0.02,-0.00,0.08
5.206,-0.08,-0.03,-0.01,0.08
5.216,-0.05,0.01,-0.01,0.05
5.226,-0.03,0.03,-0.03,0.05
5.236,-0.01,0.02,-0.04,0.04
5.246,0.01,0.01,-0.04,0.05
5.256,-0.03,-0.00,-0.05,0.06
5.266,-0.08,-0.02,-0.05,0.10
5.276,-0.07,-0.02,0.02,0.08
5.286,-0.04,-0.01,0.04,0.05
5.297,0.01,0.01,0.01,0.02
5.307,0.05,0.01,-0.00,0.05
5.317,0.06,-0.01,0.01,0.06
5.327,0.05,-0.01,-0.00,0.05
5.337,0.03,-0.01,-0.03,0.05
5.347,-0.02,-0.01,-0.03,0.04
5.357,-0.06,-0.01,-0.03,0.07
5.367,-0.05,0.00,-0.05,0.07
5.377,-0.01,-0.01,-0.04,0.04
5.387,0.00,-0.03,-0.04,0.05
5.397,0.01,-0.06,-0.03,0.07
5.407,-0.01,-0.06,-0.02,0.06
5.417,-0.03,-0.06,0.01,0.06
5.427,-0.04,-0.05,0.02,0.07
5.438,-0.04,-0.08,0.02,0.10
5.448,-0.05,-0.08,0.03,0.10
5.458,-0.01,-0.09,0.02,0.09
5.468,0.01,-0.07,0.01,0.07
5.478,0.03,-0.05,0.03,0.06
5.488,0.04,-0.04,0.05,0.08
5.498,0.06,-0.01,0.04,0.07
5.508,0.00,0.07,-0.01,0.07
5.518,-0.02,0.16,-0.03,0.17
5.528,-0.04,0.24,-0.04,0.24
5.538,-0.05,0.29,-0.07,0.31
5.548,-0.06,0.25,-0.06,0.26
5.558,-0.05,0.13,-0.04,0.14
5.568,-0.02,0.02,-0.02,0.04
5.579,0.01,-0.06,-0.04,0.08
5.589,0.04,-0.09,-0.04,0.11
5.599,0.04,-0.07,-0.01,0.08
5.609,0.06,-0.02,0.02,0.07
5.619,0.07,0.00,0.04,0.08
5.629,0.06,-0.01,0.04,0.07
5.639,0.03,-0.09,0.02,0.10
5.649,-0.00,-0.14,-0.00,0.14
5.659,-0.04,-0.16,-0.03,0.17
5.669,-0.06,-0.17,-0.04,0.19
5.679,-0.08,-0.11,-0.03,0.14
5.689,-0.07,-0.04,0.01,0.08
5.699,-0.06,0.02,0.04,0.08
5.709,-0.07,0.07,0.03,0.11
5.719,-0.04,0.10,0.01,0.11
5.730,-0.03,0.12,0.01,0.13
5.740,-0.06,0.09,-0.01,0.11
5.750,-0.05,0.09,-0.03,0.11
5.760,-0.05,0.07,-0.04,0.09
5.770,-0.04,0.04,-0.04,0.07
5.780,-0.05,0.01,-0.02,0.05
5.790,-0.04,0.02,-0.02,0.05
5.800,-0.02,0.02,0.01,0.03
5.810,-0.04,0.02,0.00,0.05
5.820,-0.04,-0.01,0.03,0.05
5.830,-0.04,-0.03,0.01,0.05
5.840,-0.02,-0.04,0.01,0.05
5.850,-0.03,-0.04,0.00,0.05
5.860,-0.03,-0.03,-0.02,0.05
5.870,-0.03,-0.01,-0.02,0.04
5.881,-0.03,0.01,-0.03,0.04
5.891,-0.04,0.03,-0.01,0.05
5.901,-0.04,0.02,0.00,0.05
5.911,-0.04,0.03,-0.01,0.05
5.921,-0.01,0.02,-0.02,0.02
5.931,0.01,-0.01,-0.03,0.04
5.941,0.03,-0.03,-0.04,0.05
5.951,0.06,-0.03,-0.02,0.07
5.961,0.08,-0.02,-0.02,0.09
5.971,0.07,0.00,-0.02,0.07
5.981,0.07,0.02,-0.01,0.07
5.991,0.08,0.03,-0.02,0.08
6.001,0.06,0.01,-0.01,0.06
6.011,0.03,-0.00,-0.03,0.04
6.022,0.04,-0.02,-0.03,0.05
6.032,0.02,-0.02,-0.04,0.05
6.042,-0.01,-0.01,-0.03,0.03
6.052,-0.02,-0.01,-0.02,0.03
6.062,-0.02,0.03,-0.01,0.04
6.072,-0.03,0.03,0.00,0.05
6.082,-0.01,0.02,-0.02,0.02
6.092,-0.02,0.02,-0.00,0.03
6.102,-0.03,0.01,0.00,0.03
6.112,-0.05,-0.03,-0.01,0.06
6.122,-0.05,-0.02,-0.01,0.06
6.132,-0.05,-0.03,0.01,0.06
6.142,-0.04,-0.02,0.01,0.04
6.152,-0.03,-0.02,0.00,0.03
6.163,-0.03,-0.01,-0.00,0.03
6.173,-0.06,0.00,-0.01,0.06
6.183,-0.07,-0.00,0.00,0.07
6.193,-0.07,-0.00,0.01,0.07
6.203,-0.08,-0.00,-0.00,0.08
6.213,-0.06,0.01,0.01,0.06
6.223,-0.05,0.01,0.01,0.05
6.233,-0.04,0.02,0.01,0.04
6.243,-0.05,0.03,-0.00,0.06
6.253,-0.06,0.02,-0.03,0.07
6.263,-0.05,0.02,-0.02,0.06
6.273,-0.02,0.02,-0.01,0.04
6.283,0.01,-0.01,-0.02,0.03
6.293,0.01,-0.01,-0.00,0.02
6.304,0.04,-0.03,-0.02,0.05
6.314,0.02,-0.01,-0.02,0.04
6.324,0.03,0.00,-0.02,0.04
6.334,0.01,0.01,-0.01,0.02
6.344,0.02,0.02,-0.01,0.03
6.354,0.00,0.03,-0.01,0.03
6.364,0.00,0.02,0.01,0.02
6.374,-0.01,-0.01,-0.01,0.02
6.384,-0.01,-0.01,-0.01,0.02
6.394,0.01,-0.01,-0.03,0.04
6.404,-0.00,-0.00,-0.05,0.05
6.414,-0.02,0.04,-0.04,0.06
6.424,-0.02,0.05,-0.02,0.06
6.434,-0.04,0.04,-0.03,0.06
6.444,-0.02,0.00,-0.02,0.02
6.455,-0.02,-0.03,-0.01,0.04
6.465,0.02,-0.06,-0.01,0.07
6.475,0.02,-0.06,-0.01,0.06
6.485,0.00,-0.04,-0.01,0.04
6.495,-0.00,-0.02,0.03,0.04
6.505,-0.00,0.01,0.01,0.02
6.515,-0.01,0.02,0.01,0.03
6.525,-0.01,0.04,0.01,0.04
6.535,-0.02,0.04,-0.04,0.06
6.545,-0.03,0.02,-0.07,0.08
6.555,-0.03,0.02,-0.07,0.08
6.565,-0.05,0.00,-0.03,0.06
6.575,-0.03,-0.01,-0.01,0.04
6.585,-0.01,0.01,0.00,0.01
6.595,0.00,-0.01,0.01,0.01
6.605,0.01,-0.02,0.00,0.02
6.615,-0.02,-0.01,0.01,0.03
6.626,-0.01,-0.03,0.03,0.04
6.636,0.01,-0.01,0.02,0.03
6.646,0.01,0.00,0.01,0.02
6.656,0.02,0.01,-0.03,0.04
6.666,0.03,-0.00,-0.04,0.05
6.676,0.02,-0.01,-0.03,0.04
6.686,0.02,-0.01,-0.02,0.03
6.696,0.01,-0.03,-0.02,0.03
6.706,-0.00,-0.03,-0.00,0.03
6.716,-0.00,-0.01,-0.00,0.01
6.726,0.02,-0.02,-0.03,0.04
6.737,0.02,0.02,-0.04,0.04
6.747,0.01,0.04,-0.03,0.05
6.757,-0.01,0.03,-0.02,0.04
6.767,-0.02,0.03,-0.03,0.05
6.777,-0.04,0.03,0.01,0.05
6.787,-0.03,0.03,0.02,0.04
6.797,-0.03,0.01,0.03,0.04
6.807,-0.02,0.01,0.00,0.03
6.817,-0.05,0.01,-0.03,0.05
6.827,-0.05,-0.00,-0.03,0.06
6.837,-0.06,0.01,-0.00,0.06
6.847,-0.06,0.01,-0.01,0.06
6.857,-0.06,-0.02,0.01,0.06
6.867,-0.03,-0.02,0.03,0.05
6.877,-0.02,-0.02,0.03,0.04
6.888,-0.02,-0.02,0.01,0.03
6.898,-0.02,-0.02,-0.00,0.03
6.907,-0.04,0.00,-0.01,0.04
6.918,-0.04,0.01,-0.01,0.04
6.928,-0.04,0.01,-0.02,0.04
6.938,-0.01,0.00,-0.03,0.03
6.948,0.01,-0.00,-0.00,0.01
6.958,0.03,-0.01,-0.01,0.03
6.968,0.03,-0.01,-0.01,0.03
6.978,0.02,0.01,-0.00,0.02
6.988,0.02,0.01,-0.02,0.03
6.998,-0.00,0.01,-0.03,0.03
7.008,0.00,0.02,-0.02,0.02
7.018,0.00,0.01,-0.04,0.04
7.029,0.00,0.00,-0.05,0.05
7.039,0.01,-0.01,-0.02,0.03
7.049,-0.01,-0.01,-0.01,0.02
7.059,0.00,-0.01,-0.02,0.02
7.069,0.00,-0.00,-0.03,0.03
7.079,0.01,0.03,-0.00,0.03
7.089,-0.00,0.04,-0.01,0.04
7.099,0.01,0.02,-0.00,0.02
7.109,0.02,-0.01,-0.01,0.02
7.119,-0.00,-0.04,-0.02,0.04
7.129,0.01,-0.03,-0.01,0.03
7.139,0.00,-0.02,-0.01,0.03
7.149,-0.01,-0.02,-0.01,0.03
7.159,0.01,-0.00,-0.02,0.02
7.169,-0.02,0.01,-0.01,0.02
7.180,-0.04,0.01,0.00,0.04
7.190,-0.03,0.02,-0.02,0.04
7.200,-0.03,0.02,-0.05,0.07
7.210,-0.04,0.01,-0.05,0.06
7.220,-0.01,0.01,-0.03,0.03
7.230,-0.03,0.01,-0.00,0.03
7.240,-0.02,0.02,0.01,0.03
7.250,-0.02,0.02,0.03,0.04
7.260,-0.01,-0.00,0.00,0.01
7.270,-0.01,-0.02,0.00,0.02
7.280,0.02,-0.03,-0.01,0.04
7.290,0.02,-0.04,-0.00,0.04
7.300,-0.01,-0.02,-0.01,0.03
7.310,-0.03,-0.01,-0.03,0.04
7.321,-0.04,-0.00,-0.02,0.05
7.331,-0.02,0.01,-0.01,0.03
7.341,-0.02,0.01,-0.02,0.03
7.351,-0.01,-0.01,-0.02,0.02
7.361,-0.00,-0.02,-0.01,0.02
7.371,-0.00,-0.02,-0.00,0.02
7.381,0.02,0.00,-0.00,0.02
7.391,0.02,0.01,-0.02,0.03
7.401,-0.00,0.02,-0.02,0.03
7.411,-0.01,0.02,-0.01,0.03
7.421,-0.00,0.02,-0.01,0.02
7.431,0.01,0.02,-0.01,0.02
7.441,-0.00,0.01,-0.01,0.02
7.451,0.01,-0.00,-0.03,0.03
7.461,0.01,-0.01,-0.04,0.04
7.472,-0.00,-0.00,-0.03,0.03
7.482,-0.02,0.01,-0.02,0.03
7.492,-0.04,0.01,0.00,0.04
7.502,-0.00,0.01,0.01,0.02
7.512,-0.01,-0.00,0.01,0.01
7.522,-0.00,-0.02,0.00,0.02
7.532,0.01,-0.01,-0.00,0.01
7.542,-0.00,0.00,-0.02,0.02
7.552,0.00,-0.00,-0.00,0.01
7.562,-0.02,-0.01,-0.00,0.02
7.572,-0.03,0.00,-0.01,0.03
7.582,-0.05,0.00,-0.02,0.05
7.592,-0.01,0.00,-0.02,0.02
7.602,-0.00,-0.01,-0.01,0.02
7.612,-0.01,0.00,0.00,0.01
7.623,-0.01,0.01,-0.00,0.01
7.633,-0.00,0.01,0.01,0.01
7.643,0.00,0.01,0.01,0.01
7.653,0.01,-0.00,-0.00,0.01
7.663,-0.02,-0.00,-0.03,0.04
7.673,-0.03,0.01,-0.03,0.04
7.683,-0.03,0.02,-0.02,0.05
7.693,-0.02,0.01,-0.02,0.03
7.703,0.02,0.01,-0.01,0.02
7.713,0.03,-0.01,-0.01,0.03
7.723,0.02,-0.01,-0.01,0.03
7.733,-0.01,-0.00,-0.03,0.04
7.743,-0.03,0.01,-0.02,0.04
7.753,-0.03,0.02,-0.01,0.04
7.764,-0.03,-0.00,0.02,0.03
7.774,-0.00,-0.03,-0.00,0.03
7.784,0.04,-0.02,0.01,0.05
7.794,0.03,-0.03,-0.01,0.04
7.804,0.03,0.00,-0.02,0.04
7.814,0.01,0.02,-0.01,0.03
7.824,-0.01,0.02,-0.02,0.03
7.834,-0.01,0.01,-0.02,0.03
7.844,-0.03,0.00,-0.04,0.05
7.854,-0.00,-0.00,-0.03,0.03
7.864,0.01,-0.00,-0.03,0.03
7.874,0.02,0.03,-0.02,0.04
7.884,-0.00,0.03,0.01,0.03
7.894,-0.03,0.03,0.01,0.04
7.904,-0.03,0.04,0.00,0.05
7.915,-0.02,0.06,-0.02,0.06
7.925,-0.02,0.04,-0.03,0.06
7.935,0.00,0.00,-0.05,0.05
7.945,-0.02,-0.04,-0.02,0.05
7.955,-0.03,-0.05,-0.00,0.05
7.965,-0.03,-0.04,0.01,0.05
7.975,-0.01,-0.04,0.01,0.04
7.985,0.00,-0.02,0.01,0.02
7.995,0.04,0.00,-0.00,0.04
8.005,0.07,0.01,0.00,0.07
8.015,0.05,-0.00,-0.00,0.05
8.025,0.03,0.00,-0.02,0.04
8.035,0.03,-0.00,-0.02,0.03
8.046,0.00,-0.00,-0.03,0.03
8.056,-0.01,-0.01,-0.04,0.04
8.066,-0.00,-0.01,-0.04,0.04
8.076,-0.01,0.00,-0.04,0.04
8.086,-0.01,0.01,-0.01,0.02
8.096,-0.03,0.02,0.02,0.04
8.106,-0.03,0.02,0.02,0.04
8.116,-0.03,0.03,0.02,0.05
8.126,-0.02,0.01,0.01,0.02
8.136,0.00,0.01,-0.02,0.02
8.146,-0.01,0.02,-0.03,0.04
8.156,-0.03,-0.00,-0.04,0.05
8.166,-0.03,-0.01,-0.03,0.04
8.176,-0.02,-0.01,-0.01,0.03
8.187,-0.01,-0.01,-0.00,0.02
8.197,0.00,0.00,0.00,0.01
8.207,0.02,-0.01,0.01,0.02
8.217,0.01,0.00,-0.00,0.01
8.227,0.01,0.00,-0.02,0.02
8.237,-0.00,0.01,-0.04,0.04
8.247,-0.02,0.02,-0.02,0.04
8.257,-0.02,0.03,-0.04,0.06
8.267,-0.00,0.00,-0.03,0.03
8.277,0.01,-0.03,-0.02,0.04
8.287,0.03,-0.03,0.00,0.04
8.297,0.04,-0.04,-0.01,0.05
8.307,0.03,-0.03,0.01,0.05
8.317,0.04,-0.00,0.00,0.05
8.327,0.05,0.03,0.00,0.06
8.338,0.03,0.03,-0.02,0.05
8.348,0.01,0.04,-0.03,0.05
8.358,-0.01,0.03,-0.03,0.05
8.368,-0.01,0.01,-0.05,0.05
8.378,-0.01,-0.01,-0.04,0.04
8.388,-0.01,-0.01,-0.03,0.03
8.398,-0.01,-0.00,-0.01,0.02
8.408,-0.02,0.00,0.00,0.02
8.418,-0.01,-0.00,0.02,0.02
8.428,-0.03,-0.01,0.01,0.04
8.438,-0.04,-0.03,0.01,0.05
8.448,-0.04,-0.04,0.02,0.06
8.458,-0.01,-0.02,-0.00,0.02
8.468,-0.02,0.02,-0.02,0.03
8.478,-0.01,0.02,-0.02,0.03
8.489,-0.01,0.02,-0.02,0.03
8.499,-0.01,-0.01,-0.04,0.04
8.509,0.01,-0.02,-0.02,0.03
8.519,0.03,-0.01,-0.04,0.05
8.529,0.04,-0.02,-0.03,0.06
8.539,0.03,0.01,-0.03,0.05
8.549,-0.01,0.01,-0.00,0.02
8.559,-0.02,0.05,0.02,0.06
8.569,-0.03,0.04,0.01,0.05
8.579,-0.03,0.02,0.01,0.03
8.589,-0.02,-0.01,-0.00,0.02
8.599,-0.03,-0.03,0.00,0.04
8.609,-0.00,-0.03,-0.00,0.03
8.619,0.02,-0.03,-0.00,0.04
8.629,0.01,-0.00,-0.00,0.01
8.640,0.01,-0.01,0.00,0.01
8.650,-0.01,0.00,-0.02,0.02
8.660,-0.02,0.00,-0.02,0.03
8.670,-0.02,0.00,-0.03,0.04
8.680,-0.02,-0.02,0.00,0.03
8.690,-0.02,-0.02,0.01,0.03
8.700,-0.01,-0.01,-0.02,0.03
8.710,0.01,0.00,-0.02,0.02
8.720,0.01,0.02,0.01,0.03
8.730,0.02,0.03,0.01,0.03
8.740,0.03,0.02,-0.01,0.04
8.750,0.01,0.02,-0.01,0.03
8.760,-0.00,0.02,-0.03,0.03
8.771,-0.02,0.00,-0.03,0.04
8.781,-0.02,0.01,-0.04,0.05
8.791,-0.00,-0.00,-0.03,0.03
8.801,-0.04,-0.00,-0.01,0.04
8.811,-0.00,0.02,-0.01,0.02
8.821,0.00,0.00,-0.01,0.01
8.831,-0.00,0.00,0.00,0.01
8.841,-0.01,-0.01,0.01,0.01
8.851,0.00,-0.02,-0.00,0.02
8.861,0.02,-0.01,0.00,0.02
8.871,-0.00,-0.02,-0.02,0.03
8.881,0.00,-0.04,-0.02,0.04
8.891,-0.00,-0.00,-0.02,0.02
8.901,-0.01,0.00,-0.03,0.04
8.911,-0.01,-0.01,-0.03,0.03
8.922,-0.00,-0.01,-0.01,0.01
8.932,-0.01,0.01,-0.01,0.02
8.942,-0.03,0.02,-0.00,0.04
8.952,-0.01,0.02,-0.01,0.02
8.962,-0.01,0.01,-0.01,0.02
8.972,0.02,0.01,-0.02,0.03
8.982,0.02,0.02,-0.02,0.03
8.992,0.02,0.02,-0.03,0.04
9.002,0.00,0.01,-0.03,0.03
9.012,0.00,0.02,-0.02,0.03
9.022,-0.01,0.02,-0.02,0.03
9.032,-0.01,-0.01,-0.03,0.03
9.042,-0.01,-0.00,-0.05,0.05
9.052,-0.01,0.00,-0.03,0.03
9.063,0.00,-0.00,-0.01,0.01
9.073,-0.00,-0.00,0.01,0.01
9.083,0.00,-0.03,-0.01,0.03
9.093,0.02,-0.03,0.02,0.04
9.103,0.03,-0.02,-0.01,0.04
9.113,0.00,-0.01,-0.03,0.03
9.123,-0.00,-0.01,-0.04,0.04
9.133,-0.01,-0.02,-0.05,0.05
9.143,-0.01,-0.00,-0.04,0.04
9.153,-0.02,0.01,-0.02,0.03
9.163,-0.02,0.01,-0.00,0.02
9.174,-0.02,0.03,0.00,0.03
9.183,-0.00,0.04,-0.02,0.04
9.193,-0.01,0.04,-0.02,0.05
9.204,-0.00,0.03,-0.01,0.03
9.214,-0.05,0.02,0.02,0.06
9.224,-0.04,0.01,0.00,0.04
9.234,-0.00,-0.02,-0.01,0.02
9.244,0.01,-0.04,-0.02,0.04
9.254,-0.00,-0.05,-0.01,0.05
9.264,0.01,-0.02,-0.00,0.02
9.274,0.02,0.01,-0.00,0.02
9.284,0.01,0.00,-0.02,0.02
9.294,0.00,0.00,-0.03,0.03
9.304,0.01,-0.01,-0.01,0.02
9.314,-0.00,-0.03,0.00,0.03
9.324,-0.00,-0.04,0.01,0.04
9.334,-0.00,-0.04,-0.01,0.04
9.344,0.00,-0.02,-0.01,0.03
9.354,0.00,0.02,0.00,0.02
9.365,0.01,0.06,-0.03,0.07
9.375,-0.00,0.07,-0.04,0.08
9.385,-0.01,0.05,-0.03,0.06
9.395,-0.03,0.01,-0.02,0.04
9.405,-0.01,-0.01,-0.01,0.02
9.415,0.00,-0.01,0.02,0.02
9.425,0.01,0.00,-0.00,0.01
9.435,0.02,-0.01,-0.01,0.03
9.445,0.03,0.01,0.00,0.03
9.455,0.02,0.01,-0.01,0.02
9.465,0.02,0.02,-0.02,0.03
9.475,0.01,0.03,-0.02,0.04
9.485,-0.01,0.02,-0.03,0.04
9.495,-0.02,-0.02,-0.03,0.04
9.506,-0.03,-0.02,-0.01,0.04
9.516,-0.01,-0.02,0.00,0.02
9.526,-0.03,-0.02,0.01,0.04
9.536,-0.01,-0.02,0.01,0.03
9.546,0.02,-0.00,0.01,0.02
9.556,0.01,0.01,-0.00,0.01
9.566,0.01,0.02,-0.00,0.02
9.576,-0.00,0.02,0.00,0.02
9.586,0.00,0.04,-0.02,0.04
9.596,-0.01,0.03,-0.05,0.06
9.606,-0.01,0.02,-0.05,0.06
9.616,-0.01,0.00,-0.03,0.03
9.626,0.01,-0.02,-0.01,0.02
9.636,0.02,-0.01,0.01,0.02
9.647,0.01,0.01,0.01,0.02
9.657,0.00,0.01,0.02,0.02
9.667,-0.00,0.00,0.00,0.01
9.677,0.01,0.04,-0.02,0.05
9.687,0.02,0.05,-0.03,0.06
9.697,-0.01,0.01,-0.02,0.03
9.707,-0.02,-0.03,-0.02,0.05
9.717,0.01,-0.05,-0.02,0.06
9.727,0.02,-0.06,-0.03,0.06
9.737,0.02,-0.02,-0.01,0.03
9.747,0.01,0.02,0.01,0.03
9.757,0.01,0.03,-0.00,0.03
9.767,0.02,0.00,-0.00,0.02
9.777,-0.00,0.01,-0.02,0.02
9.788,-0.00,-0.01,-0.02,0.02
9.798,-0.02,0.01,-0.01,0.02
9.808,-0.03,0.03,-0.03,0.05
9.818,-0.04,0.05,-0.04,0.07
9.828,-0.05,0.05,-0.05,0.09
9.838,-0.03,0.04,-0.00,0.05
9.848,-0.03,0.02,0.01,0.04
9.858,-0.00,-0.01,0.01,0.01
9.868,0.03,-0.03,0.00,0.04
9.878,0.03,-0.06,0.00,0.06
9.888,0.03,-0.03,-0.01,0.04
9.898,0.03,-0.02,-0.02,0.04
9.908,0.02,0.00,-0.01,0.02
9.918,-0.00,-0.02,-0.02,0.03
9.929,-0.03,-0.01,-0.02,0.04
9.939,-0.02,-0.03,-0.02,0.04
9.949,-0.01,-0.03,-0.02,0.04
9.959,-0.01,-0.01,0.01,0.01
9.969,0.01,0.01,0.01,0.01
9.979,0.03,0.01,0.01,0.03
9.989,0.03,0.03,0.00,0.04
9.999,0.02,0.05,-0.02,0.05
10.009,0.01,0.03,-0.04,0.05
10.019,-0.00,0.03,-0.04,0.05
10.029,-0.01,-0.00,-0.03,0.03
10.039,0.00,0.01,-0.02,0.02
10.049,0.02,0.00,-0.01,0.02
10.059,0.01,0.00,0.01,0.02
10.069,0.03,-0.01,0.00,0.03
10.080,0.02,0.01,0.00,0.02
10.090,0.01,0.02,0.01,0.02
10.100,0.00,0.01,-0.02,0.02
10.110,-0.02,-0.01,-0.04,0.04
10.120,-0.02,-0.03,-0.04,0.06
10.130,-0.03,-0.02,-0.02,0.04
10.140,-0.02,-0.02,-0.02,0.03
10.150,-0.03,0.00,-0.01,0.03
10.160,-0.04,-0.00,0.02,0.04
10.170,-0.03,0.03,0.02,0.05
10.180,-0.01,0.01,0.02,0.02
10.190,0.02,-0.00,0.01,0.02
10.200,-0.00,0.02,0.01,0.02
10.210,0.00,0.00,-0.01,0.01
10.221,-0.01,0.00,-0.01,0.01
10.231,-0.01,0.02,-0.02,0.03
10.241,-0.00,0.01,-0.01,0.02
10.251,0.00,0.01,-0.02,0.02
10.261,0.03,0.02,-0.03,0.05
10.271,0.04,-0.02,-0.02,0.05
10.281,0.05,0.00,-0.03,0.06
10.291,0.01,0.02,-0.03,0.04
10.301,-0.01,0.03,-0.02,0.04
10.311,-0.02,0.05,-0.00,0.05
10.321,-0.03,0.01,-0.01,0.03
10.331,-0.03,-0.05,-0.01,0.05
10.341,0.00,-0.06,-0.04,0.07
10.351,0.02,-0.05,-0.03,0.06
10.361,0.01,-0.01,-0.02,0.03
10.372,0.01,0.05,0.01,0.05
10.382,0.03,0.04,0.00,0.05
10.392,0.01,0.01,0.00,0.01
10.402,0.02,-0.01,-0.02,0.03
10.412,0.01,-0.02,-0.04,0.04
10.422,-0.02,0.01,-0.04,0.04
10.432,-0.02,0.03,-0.05,0.06
10.442,-0.03,0.04,-0.04,0.07
10.452,-0.05,0.04,-0.02,0.07
10.462,-0.05,0.07,0.02,0.08
10.472,-0.00,0.05,0.03,0.06
10.482,0.03,0.01,0.01,0.03
10.492,0.03,-0.03,0.00,0.04
10.502,0.01,-0.08,-0.00,0.08
10.513,0.01,-0.07,-0.02,0.07
10.523,0.01,0.01,-0.02,0.02
10.533,0.04,0.03,-0.02,0.05
10.543,0.01,0.03,-0.02,0.03
10.553,0.00,0.00,-0.02,0.02
10.563,0.02,-0.02,-0.02,0.04
10.573,0.01,-0.01,-0.02,0.02
10.583,-0.01,-0.00,-0.00,0.01
10.593,-0.02,-0.01,0.02,0.02
10.603,-0.00,0.00,-0.00,0.01
10.613,0.02,0.01,-0.01,0.02
10.623,0.01,0.01,-0.01,0.02
10.633,0.01,0.03,-0.02,0.03
10.643,-0.01,0.03,-0.02,0.03
10.653,0.01,0.01,-0.06,0.06
10.664,0.01,0.02,-0.04,0.04
10.674,0.01,0.01,-0.02,0.03
10.680,-0.01,0.01,-0.02,0.02
10.690,0.01,-0.00,-0.02,0.02
10.700,0.01,0.01,-0.01,0.02
10.710,0.01,-0.00,-0.00,0.01
10.720,0.02,-0.01,-0.01,0.02
10.730,0.03,-0.02,-0.03,0.05
10.740,0.01,-0.01,-0.01,0.02
10.750,0.00,-0.04,-0.01,0.04
10.760,0.00,-0.02,0.00,0.02
10.771,-0.02,-0.02,-0.01,0.03
10.781,-0.00,-0.01,-0.01,0.02
10.791,-0.01,0.01,-0.03,0.04
10.801,-0.02,0.02,-0.02,0.03
10.811,-0.02,0.02,-0.02,0.03
10.821,-0.03,0.02,-0.01,0.04
10.831,-0.02,0.02,-0.02,0.04
10.841,-0.02,0.00,-0.01,0.03
10.851,-0.00,0.00,0.01,0.01
10.861,0.03,-0.01,-0.01,0.03
10.871,0.02,0.01,-0.01,0.03
10.881,0.01,0.03,-0.02,0.04
10.891,0.01,0.02,-0.01,0.03
10.901,0.01,-0.01,-0.02,0.02
10.911,0.02,0.00,-0.02,0.03
10.922,0.00,0.03,-0.03,0.04
10.932,-0.00,0.02,-0.02,0.03
10.942,-0.02,0.00,0.00,0.02
10.952,-0.02,-0.03,0.01,0.04
10.962,-0.02,-0.07,0.01,0.07
10.972,-0.00,-0.05,-0.01,0.05
10.982,0.03,0.01,-0.03,0.04
10.992,0.02,0.04,-0.02,0.05
11.002,0.00,0.03,-0.00,0.03
11.012,0.01,0.01,0.02,0.02
11.022,-0.01,-0.01,-0.01,0.02
11.036,-0.01,-0.01,-0.02,0.03
11.046,0.01,-0.00,-0.05,0.05
11.056,-0.00,0.02,-0.05,0.06
11.066,-0.02,0.04,-0.04,0.06
11.076,-0.01,0.05,-0.01,0.05
11.086,-0.02,0.06,0.01,0.06
11.097,-0.01,0.05,0.01,0.06
11.107,-0.00,0.03,-0.02,0.03
11.117,0.00,-0.02,-0.02,0.03
11.127,0.00,-0.06,-0.02,0.06
11.137,0.00,-0.06,-0.03,0.07
11.147,0.03,-0.03,-0.04,0.05
11.157,0.02,0.00,-0.05,0.05
11.167,0.05,0.00,-0.01,0.05
11.177,0.05,-0.01,-0.00,0.05
11.187,-0.00,-0.01,-0.01,0.01
11.197,-0.02,-0.00,-0.02,0.02
11.207,-0.04,-0.00,-0.00,0.04
11.217,-0.02,0.02,-0.01,0.02
11.227,-0.02,0.02,-0.00,0.02
11.238,-0.01,0.01,-0.03,0.03
11.248,-0.01,0.01,-0.03,0.03
11.258,0.01,0.03,-0.02,0.04
11.268,-0.00,0.02,-0.02,0.03
11.278,0.01,0.01,-0.03,0.03
11.288,0.01,0.00,-0.04,0.04
11.298,0.02,0.03,-0.04,0.06
11.308,0.02,0.03,0.00,0.04
11.318,0.02,0.03,-0.00,0.03
11.328,0.00,0.03,0.00,0.03
11.338,0.01,0.02,-0.01,0.02
11.348,0.00,-0.01,0.00,0.02
11.358,0.01,-0.03,0.00,0.03
11.368,0.01,-0.02,-0.01,0.02
11.378,-0.01,-0.03,-0.01,0.04
11.388,-0.02,-0.03,-0.01,0.04
11.399,-0.01,-0.02,-0.01,0.02
11.409,-0.03,0.01,-0.01,0.03
11.419,-0.01,0.03,-0.02,0.04
11.429,-0.01,0.03,-0.02,0.04
11.439,-0.02,0.02,-0.01,0.03
11.449,-0.01,0.02,-0.02,0.03
11.459,-0.00,0.02,-0.02,0.03
11.469,-0.01,-0.00,-0.01,0.01
11.479,-0.00,-0.01,-0.01,0.01
11.489,0.01,0.00,-0.01,0.02
11.499,0.01,0.01,-0.02,0.03
11.509,0.02,0.03,-0.01,0.04
11.519,0.03,0.01,-0.00,0.03
11.529,0.03,-0.00,-0.01,0.03
11.539,0.02,0.00,-0.02,0.03
11.550,0.00,0.03,-0.03,0.04
11.560,-0.01,0.03,-0.02,0.04
11.570,-0.02,0.03,0.00,0.03
11.580,-0.02,-0.01,-0.00,0.02
11.590,-0.01,-0.05,-0.01,0.05
11.600,0.01,-0.05,-0.02,0.05
11.610,0.04,-0.02,-0.01,0.05
11.620,0.02,0.01,-0.02,0.04
11.630,0.01,0.03,-0.03,0.04
11.640,0.02,0.01,-0.00,0.02
11.650,-0.01,-0.01,-0.02,0.02
11.660,-0.02,-0.02,-0.02,0.03
11.670,0.01,0.00,-0.03,0.04
11.681,0.00,0.04,-0.05,0.06
11.691,-0.00,0.04,-0.06,0.07
11.701,-0.02,0.07,-0.01,0.07
11.711,-0.01,0.06,0.04,0.07
11.721,-0.02,0.03,0.02,0.04
11.731,-0.01,-0.00,-0.01,0.02
11.741,0.01,-0.03,-0.01,0.04
11.751,-0.01,-0.06,0.00,0.06
11.761,0.02,-0.07,-0.01,0.07
11.771,0.04,-0.05,-0.00,0.06
11.781,0.02,-0.01,-0.02,0.03
11.791,0.02,0.04,-0.01,0.04
11.801,0.01,0.01,-0.01,0.02
11.811,-0.01,-0.00,-0.02,0.02
11.822,-0.02,-0.01,-0.02,0.03
11.832,-0.01,-0.02,-0.02,0.03
11.842,0.00,-0.01,-0.03,0.03
11.852,0.01,0.00,-0.02,0.02
11.862,0.03,0.01,0.00,0.03
11.872,0.03,0.02,-0.00,0.04
11.882,0.02,0.04,-0.02,0.05
11.892,0.03,0.03,-0.02,0.05
11.902,0.02,0.03,-0.03,0.05
11.912,0.01,0.02,-0.03,0.04
11.922,0.00,0.03,-0.03,0.04
11.932,0.01,0.01,-0.02,0.03
11.942,0.01,0.00,-0.02,0.02
11.952,-0.00,-0.01,-0.02,0.02
11.962,-0.00,-0.02,-0.00,0.02
11.972,0.00,-0.02,0.01,0.02
11.983,0.02,-0.03,0.01,0.03
11.993,0.02,-0.02,0.00,0.03
12.003,0.01,-0.01,-0.01,0.01
12.013,-0.01,-0.01,-0.01,0.02
12.023,-0.02,-0.00,-0.02,0.02
12.033,-0.02,0.00,-0.03,0.03
12.043,-0.02,0.00,-0.04,0.05
12.053,-0.03,-0.01,-0.04,0.05
12.063,-0.03,0.01,-0.02,0.04
12.073,-0.01,0.02,-0.01,0.02
12.083,-0.00,0.02,-0.02,0.03
12.093,0.01,0.02,-0.01,0.03
12.103,0.03,0.04,-0.00,0.05
12.113,0.03,0.03,0.00,0.04
12.124,0.04,0.03,-0.02,0.05
12.134,0.03,0.01,-0.03,0.05
12.144,0.01,0.00,-0.02,0.02
12.154,0.01,-0.02,-0.02,0.03
12.164,0.00,-0.02,-0.01,0.02
12.174,0.01,-0.01,-0.01,0.02
12.184,0.03,0.02,-0.01,0.03
12.194,-0.00,0.02,-0.00,0.02
12.204,-0.01,0.04,-0.01,0.04
12.214,-0.00,0.01,-0.00,0.01
12.224,-0.01,-0.03,-0.01,0.03
12.234,0.01,-0.06,-0.00,0.06
12.244,0.01,-0.04,-0.02,0.05
12.254,0.00,-0.00,-0.02,0.02
12.265,0.00,0.00,-0.01,0.01
12.275,0.01,-0.01,-0.00,0.02
12.285,0.00,0.00,-0.01,0.01
12.295,-0.00,0.02,-0.02,0.03
12.305,0.01,0.04,-0.03,0.05
12.315,-0.01,0.03,-0.05,0.06
12.325,-0.03,0.04,-0.04,0.06
12.335,-0.03,0.05,-0.00,0.06
12.345,-0.03,0.06,0.01,0.07
12.355,-0.03,0.03,-0.00,0.04
12.365,-0.00,-0.00,0.00,0.01
12.375,0.01,-0.03,-0.00,0.03
12.385,0.00,-0.06,-0.01,0.06
12.395,0.03,-0.05,-0.02,0.06
12.406,0.03,-0.03,-0.02,0.05
12.416,0.03,0.00,-0.04,0.05
12.426,0.03,0.02,-0.03,0.05
12.436,0.01,0.03,-0.02,0.04
12.446,-0.01,-0.00,-0.03,0.03
12.456,-0.03,-0.01,-0.02,0.04
12.466,-0.00,-0.01,-0.01,0.01
12.476,0.02,-0.01,-0.01,0.02
12.486,0.02,-0.01,0.02,0.03
12.496,0.02,0.01,0.01,0.03
12.506,0.01,0.02,0.01,0.02
12.516,0.02,0.03,-0.02,0.04
12.526,0.02,0.05,-0.02,0.06
12.536,0.01,0.04,-0.02,0.05
12.547,0.00,0.02,-0.03,0.03
12.556,0.01,0.01,-0.04,0.04
12.567,0.02,0.01,-0.02,0.03
12.577,-0.01,0.00,-0.01,0.01
12.587,-0.02,-0.00,-0.01,0.02
12.597,-0.01,0.00,-0.01,0.02
12.607,-0.03,0.00,0.00,0.03
12.617,0.00,0.00,0.03,0.03
12.627,-0.00,-0.00,-0.01,0.01
12.637,0.01,-0.00,-0.01,0.02
12.647,-0.00,-0.02,-0.02,0.03
12.657,-0.03,-0.03,-0.05,0.06
12.667,-0.04,-0.01,-0.03,0.05
12.677,-0.03,-0.00,-0.01,0.03
12.687,-0.01,0.00,-0.01,0.02
12.698,-0.01,0.01,-0.01,0.01
12.708,0.01,0.03,-0.00,0.03
12.718,0.02,0.03,-0.01,0.04
12.728,0.02,0.02,-0.01,0.03
12.738,0.02,0.03,-0.01,0.03
12.748,0.00,0.02,-0.01,0.02
12.758,0.00,0.02,-0.03,0.03
12.768,0.00,0.03,-0.04,0.05
12.778,0.01,0.02,-0.03,0.04
12.788,0.02,0.01,-0.03,0.04
12.798,0.01,-0.02,-0.01,0.02
12.808,-0.03,-0.03,0.01,0.04
12.818,-0.02,-0.02,0.03,0.04
12.828,-0.01,0.01,0.01,0.01
12.838,0.01,0.03,0.01,0.03
12.849,0.01,0.05,0.00,0.05
12.859,0.01,0.02,-0.02,0.04
12.869,0.02,0.00,-0.04,0.04
12.879,0.01,-0.04,-0.02,0.05
12.889,0.01,-0.03,-0.05,0.06
12.899,0.03,-0.02,-0.03,0.05
12.909,0.02,-0.02,-0.04,0.05
12.919,0.03,0.01,-0.00,0.03
12.929,0.02,0.01,0.00,0.02
12.939,0.01,0.02,-0.01,0.03
12.949,0.00,0.04,-0.01,0.04
12.959,0.01,0.03,-0.04,0.05
12.969,-0.00,0.03,-0.04,0.05
12.979,-0.02,0.04,-0.03,0.06
12.990,-0.04,0.04,-0.00,0.06
13.000,-0.05,0.05,0.00,0.07
13.010,-0.05,0.03,0.00,0.06
13.020,-0.00,0.01,0.00,0.02
13.030,-0.00,-0.01,-0.01,0.02
13.040,0.01,-0.04,0.01,0.04
13.050,0.02,-0.03,0.01,0.04
13.060,0.03,-0.02,-0.01,0.04
13.070,0.03,-0.01,-0.02,0.04
13.080,0.02,-0.00,-0.04,0.04
13.090,-0.01,-0.01,-0.02,0.03
13.100,-0.03,-0.00,-0.02,0.04
13.110,-0.02,-0.01,-0.01,0.03
13.120,-0.02,0.00,-0.00,0.02
13.130,0.02,0.01,0.00,0.02
13.140,0.03,0.03,-0.01,0.04
13.151,0.03,0.03,0.00,0.04
13.161,0.02,0.02,0.00,0.03
13.171,0.01,0.03,-0.02,0.04
13.181,-0.00,0.01,-0.06,0.06
13.191,-0.02,0.01,-0.06,0.07
13.201,-0.01,0.01,-0.04,0.04
13.211,0.00,0.02,-0.01,0.03
13.221,0.03,0.04,0.00,0.05
13.231,0.03,0.02,-0.01,0.03
13.241,0.02,0.03,-0.02,0.04
13.251,0.01,0.02,0.01,0.03
13.261,-0.00,-0.00,0.01,0.01
13.271,0.01,-0.02,0.01,0.02
13.282,0.01,-0.03,-0.00,0.03
13.292,0.01,-0.02,-0.01,0.02
13.302,0.01,-0.03,-0.02,0.04
13.312,-0.03,-0.02,-0.02,0.04
13.322,-0.04,-0.01,-0.02,0.04
13.332,-0.04,0.02,-0.02,0.05
13.342,-0.03,0.02,0.01,0.04
13.352,-0.02,0.03,0.00,0.03
13.362,-0.00,0.02,0.00,0.02
13.372,-0.00,0.02,-0.01,0.02
13.382,-0.00,0.01,-0.02,0.02
13.392,-0.00,0.01,-0.02,0.02
13.402,0.01,0.01,-0.01,0.02
13.412,0.01,0.01,-0.02,0.03
13.423,0.01,-0.00,-0.04,0.04
13.433,0.01,-0.00,-0.03,0.03
13.443,0.01,0.01,-0.02,0.02
13.453,-0.00,0.02,-0.03,0.04
13.463,0.01,-0.00,-0.01,0.02
13.473,0.03,-0.02,-0.01,0.04
13.483,0.03,-0.01,-0.01,0.04
13.493,0.02,-0.02,-0.00,0.03
13.503,0.01,-0.00,-0.01,0.01
13.513,0.01,0.04,-0.03,0.05
13.523,-0.01,0.03,-0.03,0.04
13.533,-0.04,-0.00,-0.03,0.05
13.543,-0.04,-0.04,-0.02,0.06
13.553,-0.02,-0.05,-0.01,0.05
13.563,-0.00,-0.02,-0.00,0.02
13.574,0.03,-0.01,-0.01,0.03
13.584,0.03,0.01,0.01,0.03
13.594,0.02,0.01,0.03,0.04
13.604,0.02,0.02,0.00,0.02
13.614,-0.00,0.00,-0.02,0.02
13.624,0.01,0.02,-0.04,0.05
13.634,-0.02,0.04,-0.08,0.08
13.644,-0.05,0.04,-0.05,0.08
13.654,-0.06,0.04,-0.02,0.08
13.664,-0.07,0.05,0.01,0.08
13.674,-0.04,0.04,0.01,0.06
13.684,-0.00,0.02,0.01,0.02
13.694,0.01,-0.01,0.02,0.03
13.704,0.04,-0.04,0.03,0.06
13.715,0.04,-0.05,0.01,0.07
13.725,0.05,-0.05,-0.02,0.07
13.735,0.04,-0.02,-0.03,0.05
13.745,0.02,0.00,-0.05,0.06
13.755,-0.01,0.00,-0.04,0.04
13.765,-0.02,0.01,-0.01,0.02
13.775,-0.04,-0.00,-0.02,0.05
13.785,-0.05,0.01,-0.01,0.06
13.795,-0.02,0.01,-0.01,0.02
13.805,0.01,0.01,0.00,0.01
13.815,0.03,0.02,0.01,0.03
13.825,0.03,0.02,0.00,0.04
13.835,0.03,0.02,-0.02,0.04
13.845,0.05,0.01,-0.05,0.07
13.856,0.03,0.01,-0.04,0.06
13.866,0.04,0.01,-0.04,0.06
13.876,0.02,0.02,-0.04,0.05
13.886,0.01,0.01,-0.04,0.04
13.896,-0.03,0.02,-0.02,0.04
13.906,-0.01,0.01,-0.01,0.02
13.916,-0.01,0.00,0.01,0.02
13.926,-0.01,0.01,0.02,0.03
13.936,0.01,-0.02,0.00,0.02
13.946,0.01,-0.01,0.00,0.02
13.956,-0.01,-0.01,0.01,0.02
13.966,-0.01,-0.00,-0.01,0.02
13.976,-0.01,-0.01,-0.04,0.04
13.986,-0.03,-0.00,-0.04,0.05
13.996,-0.02,0.00,-0.02,0.03
14.007,-0.03,-0.02,-0.02,0.04
14.017,-0.02,0.00,-0.02,0.03
14.027,-0.04,0.01,0.01,0.05
14.037,-0.01,0.03,0.02,0.04
14.047,0.02,0.04,0.00,0.05
14.057,0.02,0.01,-0.02,0.03
14.067,0.03,0.01,-0.01,0.04
14.077,0.04,-0.01,-0.02,0.04
14.087,0.02,0.00,-0.03,0.04
14.097,0.01,0.00,-0.04,0.05
14.107,0.02,0.01,-0.02,0.03
14.117,0.03,0.02,-0.02,0.04
14.127,0.02,0.01,-0.03,0.04
14.137,0.02,0.02,-0.02,0.03
14.147,0.01,-0.00,-0.01,0.01
14.157,-0.00,-0.01,0.00,0.01
14.168,-0.01,-0.02,0.00,0.02
14.178,-0.00,-0.02,0.00,0.02
14.188,0.00,-0.04,-0.00,0.04
14.198,-0.00,-0.02,-0.01,0.02
14.208,-0.01,0.01,-0.02,0.03
14.218,-0.01,0.03,-0.02,0.04
14.228,-0.02,0.05,-0.02,0.06
14.238,-0.03,0.03,-0.02,0.05
14.248,-0.04,0.00,-0.01,0.04
14.258,-0.00,-0.04,-0.00,0.04
14.268,0.01,-0.03,0.01,0.04
14.278,0.03,-0.03,0.02,0.04
14.288,0.04,0.01,0.01,0.04
14.299,0.04,0.02,0.02,0.04
14.309,0.02,0.02,-0.01,0.03
14.319,0.01,0.02,-0.03,0.04
14.329,0.01,0.01,-0.05,0.06
14.339,0.01,0.01,-0.08,0.08
14.349,-0.01,0.02,-0.06,0.06
14.359,-0.01,0.01,-0.01,0.02
14.369,-0.02,0.02,-0.00,0.03
14.379,0.00,0.02,0.03,0.03
14.389,0.01,0.03,0.02,0.04
14.399,-0.00,0.00,0.01,0.01
14.409,0.01,-0.01,0.00,0.02
14.419,0.03,-0.03,0.01,0.04
14.429,0.01,-0.04,0.00,0.04
14.440,-0.00,-0.03,-0.00,0.03
14.449,-0.01,0.00,-0.03,0.03
14.460,-0.02,-0.00,-0.05,0.06
14.470,-0.02,0.01,-0.03,0.04
14.480,-0.04,0.01,-0.01,0.04
14.490,-0.03,0.01,-0.01,0.03
14.500,-0.02,0.01,0.00,0.03
14.510,-0.02,0.02,0.00,0.03
14.520,-0.01,-0.01,0.01,0.02
14.530,-0.01,-0.01,0.00,0.01
14.540,-0.00,0.01,0.00,0.01
14.550,-0.01,0.02,-0.02,0.02
14.560,0.01,0.02,-0.05,0.06
14.571,-0.00,0.04,-0.04,0.05
14.581,0.01,0.02,-0.04,0.05
14.591,0.01,0.01,-0.04,0.04
14.601,0.01,0.01,-0.03,0.03
14.611,0.02,0.00,-0.03,0.04
14.621,0.03,-0.01,-0.01,0.03
14.631,0.03,0.00,-0.00,0.03
14.641,0.03,-0.00,-0.02,0.04
14.651,0.02,0.00,-0.00,0.02
14.661,0.03,-0.00,0.01,0.03
14.671,0.02,-0.01,0.02,0.03
14.678,0.03,-0.00,-0.02,0.03
14.687,0.01,-0.01,-0.02,0.02
14.698,-0.00,-0.00,-0.02,0.02
14.708,-0.01,-0.01,-0.04,0.04
14.718,-0.02,-0.02,-0.03,0.04
14.728,-0.00,0.01,-0.02,0.02
14.738,-0.01,0.00,0.00,0.01
14.748,0.00,0.02,0.01,0.02
14.758,0.00,0.02,-0.00,0.02
14.768,0.01,0.02,-0.03,0.03
14.778,-0.00,0.01,-0.02,0.02
14.788,-0.01,0.01,-0.02,0.02
14.798,-0.02,0.01,-0.04,0.04
14.808,-0.02,0.02,-0.02,0.03
14.818,-0.02,0.02,-0.01,0.03
14.829,-0.01,-0.00,-0.01,0.01
14.839,0.01,0.00,-0.01,0.02
14.848,0.02,-0.01,-0.00,0.02
14.859,0.02,0.00,0.02,0.02
14.869,0.01,0.00,0.01,0.02
14.879,0.02,-0.01,0.01,0.02
14.889,0.00,-0.00,0.00,0.01
14.899,0.00,-0.02,-0.01,0.02
14.909,-0.01,-0.02,-0.02,0.03
14.919,-0.02,0.00,-0.02,0.02
14.929,-0.03,0.02,-0.03,0.04
14.939,-0.03,0.04,-0.04,0.07
14.949,-0.01,0.03,-0.00,0.03
14.959,0.00,0.01,-0.00,0.01
14.969,0.03,-0.01,0.01,0.03
14.979,0.04,-0.03,-0.00,0.05
14.989,0.05,-0.03,-0.02,0.06
15.000,0.04,-0.01,-0.03,0.05
15.010,0.04,-0.01,-0.02,0.05
15.020,0.00,0.01,-0.02,0.02
15.030,-0.01,0.00,-0.03,0.03
15.041,0.01,0.01,-0.03,0.03
15.051,0.01,0.02,-0.04,0.05
15.061,0.02,0.02,-0.05,0.05
15.071,0.02,0.02,-0.02,0.03
15.081,-0.01,0.02,-0.00,0.02
15.091,-0.01,0.03,0.01,0.03
15.102,-0.01,0.01,-0.00,0.02
15.112,-0.01,0.01,-0.02,0.02
15.122,-0.01,-0.01,-0.03,0.03
15.132,-0.03,-0.02,-0.02,0.04
15.142,0.00,-0.01,0.01,0.01
15.152,0.02,-0.03,-0.00,0.04
15.162,0.03,-0.03,-0.02,0.05
15.172,0.03,-0.00,-0.01,0.03
15.182,0.02,0.00,-0.01,0.03
15.192,-0.00,0.01,-0.01,0.02
15.202,-0.00,0.00,0.00,0.00
15.212,-0.00,-0.00,-0.01,0.01
15.222,-0.02,0.00,-0.03,0.03
15.232,0.00,-0.01,-0.01,0.01
15.242,-0.01,0.01,-0.00,0.01
15.253,0.01,0.03,0.00,0.03
15.263,0.03,0.02,-0.00,0.04
15.273,0.02,0.03,-0.03,0.05
15.283,0.01,-0.00,-0.04,0.04
15.293,0.01,-0.00,-0.03,0.03
15.303,0.02,-0.01,-0.03,0.03
15.313,0.01,0.03,-0.02,0.03
15.323,-0.00,0.02,-0.04,0.04
15.333,-0.01,0.01,-0.02,0.02
15.343,0.00,0.01,-0.01,0.01
15.353,-0.01,-0.00,0.00,0.01
15.363,-0.02,0.00,-0.01,0.02
15.373,0.00,-0.01,-0.02,0.02
15.383,0.02,-0.02,0.00,0.03
15.393,0.01,-0.01,0.00,0.02
15.404,-0.00,-0.01,-0.00,0.01
15.414,0.02,0.00,-0.01,0.02
15.424,0.01,0.00,-0.02,0.03
15.434,0.01,0.00,-0.02,0.02
15.444,-0.02,0.02,-0.02,0.03
15.454,0.00,0.03,-0.02,0.03
15.464,0.01,0.02,-0.01,0.03
15.474,-0.00,0.02,-0.02,0.03
15.484,0.00,0.01,-0.01,0.01
15.494,0.02,0.00,-0.01,0.02
15.504,0.02,0.00,-0.02,0.03
15.514,0.02,-0.00,-0.02,0.03
15.524,0.01,-0.01,-0.02,0.03
15.535,0.01,-0.01,-0.03,0.04
15.545,0.01,0.02,-0.02,0.03
15.555,0.01,0.01,-0.00,0.02
15.565,0.01,0.02,-0.02,0.03
15.575,0.02,0.00,-0.03,0.04
15.585,0.01,-0.01,-0.02,0.03
15.595,-0.02,0.01,-0.01,0.03
15.605,0.00,-0.01,-0.01,0.01
15.615,0.02,-0.02,0.01,0.03
15.625,0.03,0.01,-0.00,0.03
15.635,0.01,0.01,0.00,0.02
15.645,-0.00,0.02,-0.01,0.02
15.655,0.01,0.01,-0.02,0.02
15.665,0.01,0.00,-0.02,0.02
15.675,0.01,0.01,-0.02,0.03
15.686,-0.01,0.01,-0.04,0.04
15.696,-0.03,0.03,-0.04,0.06
15.706,-0.01,0.03,-0.02,0.04
15.716,-0.02,0.03,-0.00,0.03
15.726,-0.02,0.01,0.01,0.02
15.736,0.01,-0.03,0.01,0.04
15.746,0.03,-0.04,-0.00,0.05
15.756,0.02,-0.02,-0.00,0.03
15.766,0.03,0.00,-0.02,0.04
15.776,0.04,-0.00,-0.01,0.04
15.786,0.02,0.01,-0.02,0.03
15.796,0.01,0.01,-0.01,0.02
15.806,-0.00,-0.00,-0.03,0.03
15.816,0.01,0.01,-0.07,0.07
15.827,0.01,0.02,-0.06,0.07
15.837,0.02,0.03,-0.04,0.05
15.847,-0.01,0.04,0.01,0.05
15.857,-0.00,0.05,0.02,0.06
15.867,-0.01,0.02,0.01,0.03
15.877,0.01,-0.00,-0.00,0.01
15.887,0.02,-0.02,-0.00,0.03
15.897,0.02,-0.05,-0.01,0.05
15.907,0.03,-0.05,-0.02,0.06
15.917,0.03,-0.02,-0.02,0.04
15.927,0.02,-0.01,-0.04,0.04
15.937,-0.00,0.01,-0.03,0.03
15.947,-0.02,0.03,-0.02,0.04
15.957,-0.02,0.00,-0.03,0.04
15.967,-0.02,-0.01,-0.02,0.03
15.978,-0.01,-0.00,-0.01,0.02
15.988,-0.01,0.01,0.01,0.02
15.998,0.00,0.02,0.00,0.02
16.008,0.02,0.01,-0.01,0.03
16.018,-0.00,0.01,-0.02,0.02
16.028,0.01,0.01,-0.03,0.03
16.038,0.01,0.01,-0.05,0.05
16.048,-0.01,-0.01,-0.05,0.05
16.058,0.01,0.00,-0.04,0.04
16.068,0.02,0.01,-0.03,0.04
16.078,0.01,0.02,-0.01,0.03
16.088,0.03,0.02,-0.00,0.03
16.098,0.02,0.00,-0.01,0.02
16.109,0.00,0.01,0.00,0.01
16.119,0.00,-0.01,-0.01,0.02
16.129,0.01,-0.02,-0.03,0.04
16.139,0.03,-0.01,-0.02,0.04
16.149,0.03,-0.02,-0.02,0.04
16.159,0.01,-0.02,-0.02,0.03
16.169,-0.01,-0.01,-0.02,0.03
16.179,-0.00,0.00,-0.01,0.01
16.189,-0.02,-0.00,0.01,0.03
16.199,-0.03,-0.01,0.01,0.04
16.209,-0.01,0.01,-0.00,0.02
16.219,0.02,0.00,-0.01,0.03
16.229,0.02,0.01,-0.02,0.03
16.239,0.01,0.02,-0.02,0.02
16.250,0.01,-0.00,-0.01,0.01
16.260,-0.00,-0.00,-0.02,0.02
16.270,0.02,0.00,-0.01,0.02
16.280,0.00,0.00,-0.02,0.02
16.290,0.01,0.00,-0.02,0.02
16.300,0.01,0.02,0.00,0.02
16.310,0.03,0.02,-0.00,0.04
16.320,0.02,0.01,-0.01,0.03
16.330,0.00,0.00,-0.02,0.02
16.340,0.00,-0.01,-0.01,0.01
16.350,0.00,-0.02,-0.02,0.03
16.360,-0.00,-0.00,-0.02,0.02
16.370,-0.02,0.00,-0.02,0.02
16.380,-0.02,-0.01,-0.02,0.03
16.391,-0.02,-0.01,-0.02,0.02
16.400,0.00,-0.01,-0.02,0.02
16.411,0.00,0.01,-0.00,0.01
16.421,-0.00,0.03,-0.01,0.03
16.431,-0.01,0.03,-0.02,0.04
16.441,-0.03,0.02,-0.01,0.03
16.451,-0.03,0.01,-0.02,0.04
16.461,-0.03,-0.02,-0.02,0.04
16.471,-0.02,-0.03,-0.02,0.04
16.481,0.02,-0.03,-0.01,0.04
16.491,0.05,-0.01,-0.03,0.05
16.501,0.06,0.01,-0.01,0.06
16.511,0.05,0.02,-0.00,0.05
16.521,0.03,0.02,-0.02,0.04
16.531,0.01,0.00,-0.03,0.03
16.541,0.03,-0.01,-0.03,0.04
16.552,0.03,0.00,-0.07,0.07
16.562,0.02,0.02,-0.07,0.08
16.572,0.01,0.03,-0.04,0.05
16.582,0.00,0.03,-0.02,0.03
16.592,-0.02,0.02,0.01,0.03
16.602,-0.01,0.03,0.01,0.03
16.612,0.01,0.02,0.01,0.02
16.622,0.00,-0.02,-0.01,0.02
16.632,0.01,-0.04,-0.01,0.04
16.642,0.02,-0.06,-0.02,0.06
16.652,0.00,-0.02,-0.01,0.02
16.662,-0.00,0.00,-0.02,0.02
16.672,-0.00,0.03,-0.02,0.04
16.682,-0.02,0.02,-0.02,0.04
16.693,-0.01,0.01,-0.01,0.02
16.703,-0.01,-0.02,-0.01,0.02
16.713,-0.01,-0.02,-0.00,0.02
16.723,0.00,0.00,-0.01,0.01
16.733,0.02,0.01,-0.01,0.02
16.743,0.01,0.02,-0.00,0.02
16.753,0.01,0.02,-0.01,0.02
16.763,-0.01,0.01,-0.03,0.03
16.773,-0.00,0.01,-0.03,0.03
16.783,-0.01,0.01,-0.03,0.03
16.793,0.01,0.01,-0.03,0.03
16.803,0.02,0.02,-0.01,0.03
16.813,0.01,0.02,-0.03,0.03
16.823,0.01,0.01,-0.02,0.02
16.833,0.03,0.00,-0.02,0.03
16.844,0.02,0.01,-0.01,0.03
16.854,0.04,-0.01,-0.00,0.04
16.864,0.04,-0.01,-0.01,0.04
16.874,0.02,-0.02,-0.01,0.03
16.884,0.02,-0.02,-0.02,0.03
16.894,0.03,-0.02,-0.01,0.03
16.904,0.02,-0.01,-0.02,0.02
16.914,0.00,0.01,-0.02,0.02
16.924,-0.03,-0.01,-0.01,0.03
16.934,-0.04,0.00,-0.03,0.05
16.944,-0.02,0.00,-0.00,0.02
16.954,-0.02,0.02,-0.01,0.03
16.964,-0.00,0.02,0.01,0.03
16.974,-0.01,0.01,-0.01,0.02
16.985,0.00,0.01,-0.01,0.01
16.995,-0.01,0.01,-0.01,0.02
17.005,-0.02,0.02,-0.01,0.03
17.015,0.00,0.00,-0.02,0.02
17.025,-0.00,0.01,-0.01,0.01
17.035,0.00,0.01,-0.01,0.02
17.045,0.01,-0.00,-0.03,0.03
17.055,0.00,-0.01,-0.03,0.03
17.065,-0.01,-0.00,-0.03,0.03
17.075,-0.01,0.00,-0.02,0.02
17.085,-0.02,-0.00,0.02,0.03
17.095,-0.01,0.01,-0.01,0.01
17.105,0.01,0.01,-0.01,0.02
17.115,0.01,-0.00,-0.01,0.01
17.126,0.00,-0.01,-0.01,0.01
17.136,-0.00,-0.02,-0.01,0.02
17.146,0.01,0.00,-0.02,0.03
17.156,0.02,0.03,-0.02,0.04
17.166,0.01,0.04,-0.02,0.05
17.176,0.00,0.04,-0.01,0.04
17.186,0.00,0.01,-0.01,0.01
17.196,0.01,-0.02,-0.02,0.03
17.206,0.02,-0.05,-0.04,0.06
17.216,0.03,-0.03,-0.03,0.05
17.226,0.03,-0.00,-0.03,0.04
17.236,0.02,0.02,-0.01,0.03
17.246,0.01,0.02,0.01,0.02
17.256,0.01,0.02,-0.01,0.03
17.266,0.00,0.03,-0.03,0.04
17.276,-0.01,0.02,-0.04,0.04
17.287,-0.01,0.02,-0.07,0.07
17.297,-0.04,0.01,-0.06,0.07
17.307,-0.03,0.02,-0.02,0.04
17.317,-0.05,0.03,0.01,0.05
17.327,-0.03,0.01,-0.01,0.03
17.337,-0.01,-0.01,0.01,0.02
17.347,-0.01,-0.02,-0.00,0.02
17.357,0.01,-0.01,-0.00,0.01
17.367,0.01,-0.01,0.01,0.02
17.377,0.01,-0.02,-0.00,0.03
17.387,0.02,-0.02,-0.02,0.04
17.397,0.02,-0.00,-0.05,0.05
17.407,0.00,-0.01,-0.05,0.05
17.418,-0.01,-0.00,-0.03,0.03
17.427,-0.01,-0.00,-0.01,0.01
17.438,-0.03,-0.00,-0.01,0.03
17.448,-0.02,0.01,-0.02,0.03
17.458,0.00,0.02,-0.01,0.02
17.468,-0.00,0.04,-0.02,0.04
17.478,0.00,0.02,0.02,0.03
17.488,0.04,0.01,-0.01,0.04
17.498,0.02,-0.01,-0.04,0.04
17.508,0.03,0.00,-0.03,0.04
17.518,0.03,0.02,-0.03,0.05
17.528,0.02,0.01,-0.04,0.05
17.538,0.01,0.01,-0.04,0.04
17.548,-0.01,0.02,-0.03,0.03
17.558,-0.02,0.01,-0.02,0.03
17.569,-0.01,-0.00,-0.02,0.02
17.579,-0.01,-0.02,-0.01,0.03
17.589,-0.01,-0.01,0.01,0.02
17.599,0.01,-0.02,0.02,0.03
17.609,0.01,-0.03,0.00,0.03
17.619,0.01,0.01,0.00,0.01
17.629,-0.00,0.01,-0.02,0.02
17.639,-0.00,-0.01,-0.04,0.04
17.649,-0.02,-0.00,-0.03,0.04
17.659,-0.03,0.01,-0.03,0.05
17.669,-0.03,0.01,-0.03,0.04
17.679,-0.02,0.00,0.00,0.02
17.689,0.02,0.01,-0.01,0.02
17.699,0.02,0.00,-0.02,0.03
17.710,0.02,0.01,0.00,0.02
17.720,0.01,0.01,-0.01,0.02
17.730,0.01,0.02,-0.03,0.03
17.740,0.02,0.00,-0.02,0.03
17.750,0.03,-0.00,-0.03,0.04
17.760,0.04,-0.01,-0.03,0.05
17.770,0.04,0.00,-0.03,0.05
17.780,0.02,0.01,-0.02,0.03
17.790,-0.00,-0.01,-0.02,0.03
17.800,-0.00,-0.01,-0.01,0.01
17.810,-0.02,0.00,-0.00,0.02
17.820,-0.02,-0.00,0.00,0.02
17.830,-0.02,-0.01,-0.01,0.02
17.840,-0.01,-0.00,-0.02,0.03
17.850,-0.02,0.00,-0.01,0.02
17.860,-0.01,0.00,-0.01,0.01
17.871,0.01,0.01,0.01,0.01
17.881,0.01,0.00,-0.01,0.01
17.891,0.00,0.01,-0.02,0.02
17.901,-0.00,0.02,-0.02,0.03
17.911,-0.01,0.02,-0.03,0.04
17.921,0.00,0.01,-0.01,0.02
17.931,-0.00,-0.03,-0.03,0.04
17.941,0.01,-0.05,-0.02,0.05
17.951,0.01,-0.03,-0.01,0.03
17.961,0.02,0.00,-0.00,0.02
17.971,0.01,0.04,-0.02,0.05
17.981,0.02,0.02,0.02,0.04
17.991,0.01,0.01,0.01,0.02
18.002,0.00,0.01,-0.02,0.02
18.012,0.00,-0.00,-0.03,0.03
18.022,-0.00,-0.00,-0.03,0.03
18.032,-0.01,0.02,-0.07,0.07
18.042,-0.01,0.02,-0.05,0.05
18.052,-0.02,0.02,-0.01,0.03
18.062,-0.04,0.03,0.01,0.05
18.072,-0.03,0.01,0.00,0.03
18.082,0.00,0.00,-0.01,0.01
18.092,0.02,-0.01,-0.01,0.02
18.102,0.02,-0.01,-0.01,0.02
18.112,0.02,-0.02,-0.01,0.03
18.122,0.02,-0.03,-0.03,0.05
18.133,0.01,-0.00,-0.03,0.03
18.143,0.02,0.01,-0.03,0.03
18.153,0.00,0.00,-0.02,0.02
18.163,-0.01,0.01,-0.03,0.03
18.173,0.00,-0.01,-0.04,0.04
18.183,-0.01,0.02,-0.02,0.03
18.193,0.01,0.02,-0.01,0.02
18.203,0.01,0.02,-0.00,0.02
18.213,0.00,0.02,-0.02,0.02
18.223,0.00,0.00,-0.01,0.01
18.233,0.01,0.01,-0.02,0.02
18.243,-0.00,0.01,-0.01,0.02
18.253,0.01,0.01,-0.04,0.04
18.263,0.01,0.01,-0.04,0.04
18.273,-0.00,0.01,-0.03,0.03
18.283,0.00,0.00,-0.01,0.01
18.293,0.01,0.02,-0.01,0.02
18.304,0.00,0.01,-0.00,0.01
18.314,0.01,0.01,-0.01,0.02
18.324,0.02,0.00,-0.01,0.02
18.334,-0.00,-0.01,-0.01,0.02
18.344,-0.01,0.00,-0.01,0.02
18.354,-0.01,-0.01,-0.00,0.01
18.364,-0.01,-0.01,-0.04,0.04
18.374,-0.01,-0.01,-0.02,0.02
18.384,-0.01,0.01,-0.02,0.03
18.394,-0.00,-0.00,-0.03,0.03
18.404,-0.01,0.01,-0.01,0.01
18.414,-0.02,0.02,-0.00,0.03
18.424,-0.00,0.01,-0.00,0.01
18.435,-0.00,0.02,-0.02,0.03
18.444,0.01,0.02,-0.02,0.02
18.455,0.01,0.02,-0.02,0.03
18.465,-0.00,0.02,-0.03,0.03
18.475,0.03,0.01,-0.02,0.04
18.485,0.02,-0.01,-0.02,0.03
18.495,0.02,0.01,-0.02,0.03
18.505,0.00,0.01,-0.03,0.03
18.515,0.01,0.02,-0.02,0.03
18.525,0.00,0.00,-0.02,0.02
18.535,-0.01,-0.01,-0.02,0.03
18.545,-0.00,-0.01,-0.03,0.03
18.555,0.00,0.01,-0.02,0.02
18.565,-0.01,0.00,-0.01,0.01
18.575,0.01,0.01,-0.00,0.01
18.585,0.01,0.00,0.00,0.02
18.596,0.00,-0.01,-0.01,0.02
18.606,0.01,-0.02,-0.02,0.03
18.616,-0.00,0.01,-0.02,0.02
18.626,-0.01,0.01,-0.03,0.03
18.636,-0.01,0.03,-0.03,0.04
18.646,-0.00,0.05,-0.01,0.05
18.656,-0.01,0.02,-0.01,0.02
18.666,0.00,-0.01,-0.01,0.02
18.676,0.02,-0.04,-0.00,0.05
18.685,0.03,-0.03,-0.01,0.05
18.695,0.04,-0.02,-0.01,0.04
18.705,0.04,-0.01,-0.00,0.04
18.715,0.03,0.01,-0.02,0.03
18.725,0.00,0.00,-0.01,0.01
18.735,-0.02,0.02,-0.03,0.04
18.745,-0.00,0.02,-0.04,0.05
18.755,0.01,0.01,-0.05,0.06
18.766,-0.01,0.01,-0.07,0.07
18.776,-0.03,0.02,-0.02,0.04
18.786,-0.04,0.04,0.02,0.05
18.796,-0.03,0.03,0.01,0.04
18.806,-0.01,0.02,-0.00,0.02
18.816,0.02,-0.01,-0.01,0.02
18.826,0.02,-0.02,-0.02,0.04
18.836,0.00,-0.02,-0.01,0.02
18.846,0.03,-0.02,-0.00,0.03
18.856,0.02,-0.01,-0.00,0.02
18.866,0.03,0.00,-0.03,0.04
18.876,0.03,0.01,-0.02,0.03
18.886,-0.01,-0.01,-0.02,0.03
18.896,-0.01,-0.01,-0.02,0.03
18.906,-0.01,-0.01,-0.01,0.02
18.917,0.00,0.01,0.00,0.01
18.927,0.01,0.01,-0.03,0.03
18.937,0.03,0.01,-0.01,0.03
18.947,0.02,-0.00,-0.01,0.02
18.957,0.01,0.00,-0.00,0.01
18.967,0.00,-0.00,-0.03,0.03
18.977,0.02,0.01,-0.01,0.02
18.987,0.00,0.00,-0.03,0.03
18.997,0.03,0.01,-0.01,0.03
19.007,0.02,0.01,-0.01,0.02
19.017,0.01,0.02,-0.03,0.04
19.027,-0.00,0.02,-0.02,0.03
19.037,-0.01,0.02,-0.02,0.03
19.049,-0.02,-0.00,-0.02,0.03
19.059,-0.02,-0.02,-0.01,0.03
19.069,0.01,-0.01,-0.02,0.03
19.079,0.01,0.00,0.01,0.02
19.089,0.02,-0.02,0.02,0.03
19.099,-0.00,0.00,0.00,0.01
19.109,0.01,0.01,-0.01,0.02
19.119,0.02,0.01,-0.01,0.02
19.129,-0.00,-0.00,-0.01,0.01
19.139,-0.02,-0.02,-0.02,0.03
19.149,-0.01,0.01,-0.01,0.01
19.159,-0.02,0.00,-0.01,0.03
19.169,0.00,0.01,-0.03,0.03
19.180,0.01,0.02,-0.01,0.03
19.190,-0.01,0.01,0.00,0.01
19.200,-0.00,-0.00,0.00,0.00
19.210,0.02,-0.00,-0.01,0.03
19.220,0.01,0.02,-0.01,0.02
19.230,0.00,0.02,-0.03,0.04
19.240,-0.00,0.01,-0.03,0.03
19.250,-0.00,0.01,-0.03,0.03
19.260,0.01,0.01,-0.03,0.03
19.270,-0.00,-0.00,-0.02,0.03
19.280,0.00,-0.01,-0.03,0.03
19.290,-0.01,-0.01,-0.02,0.02
19.300,0.01,-0.01,-0.01,0.01
19.311,0.02,0.01,-0.01,0.02
19.321,0.01,-0.02,-0.01,0.02
19.331,0.02,-0.01,-0.01,0.02
19.341,0.02,0.01,-0.01,0.03
19.351,0.00,0.03,-0.02,0.04
19.361,-0.01,0.04,-0.03,0.05
19.371,-0.04,0.01,-0.01,0.04
19.381,-0.02,-0.02,-0.01,0.03
19.391,-0.00,-0.02,-0.01,0.03
19.401,0.00,-0.03,-0.03,0.04
19.411,0.02,-0.00,-0.04,0.04
19.421,0.01,0.02,-0.02,0.03
19.431,0.00,0.02,0.00,0.02
19.441,-0.00,0.01,-0.00,0.01
19.452,0.00,0.01,-0.01,0.01
19.461,0.00,0.01,-0.03,0.03
19.472,0.01,0.01,-0.04,0.04
19.482,0.03,0.03,-0.06,0.07
19.492,-0.00,0.02,-0.05,0.05
19.502,-0.02,0.01,-0.02,0.02
19.512,-0.02,0.03,-0.00,0.04
19.522,-0.01,0.00,-0.00,0.01
19.532,0.00,0.00,0.01,0.01
19.542,0.02,-0.02,0.01,0.02
19.552,0.00,-0.03,0.02,0.03
19.562,0.03,-0.04,0.02,0.05
19.572,0.04,-0.02,0.01,0.05
19.582,0.02,-0.00,-0.03,0.04
19.592,0.01,-0.00,-0.03,0.03
19.602,-0.00,0.01,-0.04,0.04
19.613,-0.01,0.02,-0.02,0.03
19.623,-0.02,0.02,-0.02,0.04
19.633,-0.01,0.00,-0.03,0.03
19.643,0.01,0.00,-0.02,0.02
19.653,-0.00,0.00,-0.01,0.01
19.663,0.01,0.00,-0.01,0.02
19.673,0.01,0.03,-0.01,0.03
19.683,0.01,0.04,-0.01,0.04
19.693,0.02,0.03,-0.02,0.04
19.703,0.02,0.03,-0.03,0.04
19.713,0.01,0.02,-0.04,0.05
19.723,0.01,0.00,-0.03,0.03
19.734,-0.00,-0.00,-0.03,0.03
19.743,-0.01,-0.01,-0.03,0.03
19.754,0.01,-0.00,-0.03,0.03
19.764,0.00,-0.00,-0.01,0.01
19.774,0.00,-0.00,0.01,0.01
19.784,-0.01,-0.02,-0.02,0.03
19.794,-0.01,0.00,-0.01,0.01
19.804,-0.00,-0.01,0.00,0.01
19.814,-0.01,-0.02,-0.01,0.03
19.824,0.00,-0.02,-0.02,0.02
19.834,-0.00,-0.01,-0.03,0.03
19.844,-0.02,0.01,-0.02,0.03
19.854,-0.02,0.01,-0.01,0.03
19.864,-0.01,0.02,-0.02,0.03
19.874,-0.02,0.02,-0.02,0.03
19.885,-0.01,0.01,-0.01,0.01
19.894,0.01,-0.00,-0.02,0.02
19.905,0.02,0.00,-0.02,0.03
19.915,0.02,0.01,-0.02,0.03
19.925,0.02,0.02,-0.01,0.03
19.935,0.04,0.02,-0.04,0.06
19.945,0.01,0.01,-0.03,0.03
19.955,0.04,0.01,-0.03,0.05
19.965,0.02,0.02,-0.03,0.04
19.975,0.01,-0.02,-0.03,0.03
19.985,0.02,-0.02,-0.03,0.04
19.995,0.03,-0.01,-0.04,0.05
20.005,0.01,-0.02,-0.01,0.03
20.015,0.02,-0.02,0.00,0.03
20.025,0.02,-0.01,-0.00,0.02
20.036,0.04,0.00,-0.00,0.04
20.046,-0.00,0.02,-0.01,0.02
20.056,-0.01,0.03,-0.01,0.03
20.066,-0.02,0.02,-0.02,0.04
20.076,-0.02,0.00,-0.01,0.03
20.086,-0.02,-0.03,-0.01,0.03
20.096,-0.00,-0.04,-0.02,0.04
20.106,0.02,-0.02,-0.01,0.03
20.116,0.03,0.01,-0.02,0.04
20.126,-0.00,0.02,-0.01,0.02
20.136,0.01,0.01,-0.03,0.03
20.146,0.01,0.01,-0.03,0.03
20.156,-0.01,0.00,-0.02,0.02
20.166,-0.01,0.01,-0.03,0.03
20.176,-0.00,0.01,-0.03,0.04
20.187,-0.01,0.02,-0.04,0.04
20.197,0.01,0.02,-0.04,0.05
20.207,-0.00,0.02,-0.01,0.02
20.217,-0.02,0.02,0.01,0.03
20.227,-0.03,0.02,-0.01,0.03
20.237,0.01,-0.02,-0.02,0.03
20.247,0.02,-0.03,-0.01,0.04
20.257,0.02,-0.06,-0.02,0.07
20.267,0.01,-0.04,-0.01,0.04
20.277,0.03,-0.02,-0.02,0.04
20.287,0.01,0.01,0.00,0.01
20.297,-0.01,0.02,-0.01,0.02
20.307,-0.02,0.00,-0.02,0.02
20.317,-0.01,-0.00,-0.02,0.03
20.328,-0.02,-0.01,-0.04,0.04
20.338,-0.01,0.01,-0.02,0.03
20.348,-0.01,0.01,-0.01,0.02
20.358,-0.00,0.02,-0.02,0.03
20.368,0.00,0.01,-0.02,0.02
20.378,-0.00,0.01,-0.02,0.03
20.388,0.01,0.01,-0.02,0.02
20.398,0.03,0.01,-0.02,0.04
20.408,0.04,0.01,-0.02,0.05
20.418,0.04,0.01,-0.02,0.05
20.428,0.03,0.01,-0.01,0.04
20.438,0.01,0.01,-0.01,0.02
20.448,0.01,0.01,-0.02,0.02
20.458,-0.00,-0.00,-0.01,0.02
20.468,-0.02,-0.01,-0.02,0.03
20.479,-0.00,-0.03,-0.01,0.03
20.489,0.01,-0.05,0.01,0.05
20.499,0.00,-0.02,0.01,0.03
20.509,0.01,0.02,-0.00,0.02
20.519,-0.00,0.03,-0.01,0.03
20.529,-0.03,0.03,-0.02,0.04
20.539,-0.08,0.04,-0.06,0.10
20.549,-0.10,0.06,-0.08,0.15
20.559,-0.07,0.08,-0.08,0.14
20.569,-0.02,0.15,-0.02,0.15
20.579,0.07,0.20,0.01,0.21
20.589,0.05,0.21,-0.01,0.21
20.599,0.00,0.08,0.00,0.08
20.609,-0.03,-0.05,0.02,0.06
20.620,0.05,-0.14,0.03,0.15
20.630,0.10,-0.20,-0.00,0.23
20.640,0.14,-0.22,-0.03,0.27
20.650,0.13,-0.18,-0.04,0.22
20.660,0.07,-0.11,-0.03,0.13
20.670,0.03,-0.02,-0.01,0.04
20.680,-0.03,0.07,-0.00,0.07
20.690,-0.04,0.13,-0.02,0.14
20.700,-0.02,0.10,-0.03,0.11
20.710,0.01,0.04,-0.04,0.06
20.720,0.01,-0.03,-0.03,0.04
20.730,-0.03,-0.09,-0.03,0.09
20.740,-0.03,-0.12,-0.01,0.13
20.750,-0.06,-0.11,0.02,0.13
20.761,-0.05,-0.09,0.03,0.11
20.771,-0.05,-0.03,0.03,0.07
20.781,-0.07,-0.01,0.01,0.07
20.791,-0.07,0.03,0.01,0.08
20.801,-0.08,0.05,-0.01,0.10
20.811,-0.09,0.04,-0.02,0.11
20.821,-0.09,0.04,0.02,0.10
20.831,-0.10,0.05,0.02,0.11
20.841,-0.09,0.03,0.04,0.11
20.851,-0.07,0.02,0.03,0.07
20.861,-0.03,-0.00,-0.00,0.03
20.871,-0.03,-0.03,-0.04,0.06
20.881,-0.05,-0.04,-0.02,0.07
20.891,-0.07,-0.03,0.01,0.08
20.901,-0.08,-0.01,0.04,0.09
20.911,-0.08,-0.00,0.02,0.08
20.922,-0.10,-0.00,0.03,0.10
20.932,-0.08,0.01,-0.01,0.08
20.942,-0.07,0.01,-0.02,0.07
20.952,-0.15,-0.14,-0.02,0.20
20.962,-0.11,-0.11,-0.06,0.17
20.972,-0.03,-0.01,-0.03,0.05
20.982,0.06,0.16,0.01,0.17
20.992,0.07,0.17,0.08,0.21
21.002,0.02,0.02,0.09,0.09
21.012,-0.03,-0.17,-0.02,0.17
21.022,-0.05,-0.32,-0.06,0.33
21.032,0.15,-0.04,-0.05,0.16
21.042,0.24,0.03,-0.06,0.25
21.052,0.18,0.03,-0.04,0.19
21.063,0.01,-0.07,-0.08,0.10
21.073,-0.01,0.01,-0.04,0.04
21.083,0.05,0.24,-0.04,0.24
21.093,-0.01,0.20,-0.11,0.22
21.103,0.01,0.25,-0.04,0.25
21.113,0.04,0.20,0.01,0.20
21.123,0.00,0.11,0.05,0.12
21.133,-0.02,0.03,-0.05,0.07
21.143,0.07,-0.01,-0.18,0.19
21.153,0.21,0.02,-0.13,0.25
21.163,0.34,0.13,-0.09,0.37
21.173,0.31,0.08,-0.03,0.32
21.183,0.29,0.02,0.01,0.29
21.193,0.25,-0.05,-0.00,0.26
21.204,0.21,-0.13,-0.07,0.26
21.214,0.22,-0.17,-0.13,0.31
21.224,0.23,-0.16,-0.12,0.30
21.234,0.18,-0.11,-0.07,0.23
21.244,0.09,-0.03,-0.02,0.10
21.254,0.04,0.05,0.01,0.06
21.264,-0.09,0.10,0.02,0.14
21.274,-0.16,0.06,-0.03,0.17
21.284,-0.14,0.00,-0.04,0.14
21.294,-0.11,-0.06,-0.02,0.13
21.304,-0.10,-0.11,-0.03,0.15
21.314,-0.05,-0.05,-0.03,0.08
21.324,-0.01,0.03,-0.02,0.04
21.334,0.05,0.16,0.01,0.17
21.344,0.10,0.16,0.00,0.19
21.355,0.11,0.00,-0.04,0.12
21.365,0.08,-0.19,-0.04,0.21
21.375,0.15,-0.22,-0.10,0.29
21.385,0.23,-0.11,-0.08,0.26
21.395,0.20,0.19,-0.03,0.28
21.405,-0.17,0.21,0.08,0.28
21.415,-0.44,0.05,0.13,0.46
21.425,-0.48,-0.10,0.07,0.50
21.435,-0.39,-0.09,0.06,0.40
21.445,-0.19,-0.08,0.07,0.22
21.455,0.00,-0.08,0.08,0.11
21.465,0.09,-0.10,0.01,0.13
21.475,0.03,-0.10,-0.02,0.11
21.485,-0.09,-0.07,0.02,0.11
21.496,-0.13,-0.01,0.04,0.14
21.506,0.01,-0.00,-0.00,0.02
21.516,0.17,-0.07,-0.04,0.19
21.526,0.14,-0.06,-0.04,0.16
21.536,0.04,0.01,-0.01,0.04
21.546,-0.22,0.03,0.05,0.23
21.556,-0.25,0.14,-0.01,0.28
21.566,0.04,0.22,-0.05,0.23
21.576,0.23,0.15,0.10,0.29
21.586,0.17,0.08,0.16,0.25
21.596,-0.02,0.12,0.10,0.16
21.606,-0.01,0.13,-0.06,0.15
21.616,-0.02,0.10,-0.18,0.21
21.626,-0.11,0.04,-0.23,0.26
21.637,-0.06,0.03,-0.18,0.19
21.647,0.03,0.01,-0.12,0.13
21.657,0.06,0.01,-0.06,0.09
21.667,0.04,0.05,-0.00,0.07
21.677,0.03,0.07,-0.04,0.09
21.687,0.11,0.06,-0.09,0.15
21.697,0.10,-0.00,-0.05,0.11
21.707,0.07,0.01,0.06,0.09
21.717,-0.01,0.05,0.20,0.21
21.727,-0.09,0.13,0.35,0.39
21.737,0.24,0.14,0.17,0.33
21.747,0.49,0.29,-0.06,0.57
21.757,0.39,-0.02,-0.25,0.46
21.767,0.22,-0.23,-0.23,0.39
21.777,0.07,-0.21,-0.17,0.28
21.787,-0.09,-0.25,-0.23,0.35
21.798,-0.17,-0.17,-0.25,0.35
21.808,-0.10,-0.04,-0.17,0.20
21.818,-0.20,0.05,-0.03,0.21
21.828,-0.30,0.14,0.07,0.34
21.838,-0.33,0.18,0.14,0.41
21.848,-0.32,0.15,0.18,0.40
21.858,-0.29,0.05,0.12,0.32
21.868,-0.23,-0.07,0.02,0.24
21.878,-0.22,-0.19,-0.04,0.29
21.888,-0.25,-0.32,0.02,0.41
21.898,-0.28,-0.36,0.05,0.45
21.908,-0.25,-0.26,-0.00,0.37
21.918,-0.09,-0.14,-0.08,0.18
21.929,0.05,-0.02,-0.05,0.08
21.939,0.18,0.11,-0.01,0.21
21.949,0.52,0.18,-0.00,0.55
21.959,0.50,0.11,0.03,0.52
21.969,0.30,-0.01,0.06,0.31
21.979,0.14,-0.18,0.05,0.23
21.989,0.04,-0.40,0.05,0.41
21.999,-0.06,-0.60,-0.03,0.61
22.009,-0.11,-0.57,-0.06,0.58
22.019,-0.00,-0.04,-0.07,0.09
22.029,0.09,0.27,-0.04,0.28
22.039,0.08,0.48,-0.04,0.49
22.049,0.01,0.56,-0.06,0.56
22.059,0.01,0.46,-0.03,0.46
22.069,-0.03,0.29,0.04,0.29
22.080,-0.12,0.13,0.03,0.18
22.090,-0.09,0.07,-0.08,0.14
22.100,0.00,0.03,-0.13,0.13
22.110,0.07,-0.00,-0.08,0.11
22.120,0.04,0.04,-0.01,0.06
22.130,0.02,0.04,0.05,0.07
22.140,-0.03,0.01,0.01,0.04
22.150,-0.02,0.08,-0.04,0.09
22.160,0.22,0.06,0.02,0.23
22.170,0.20,-0.09,0.10,0.24
22.180,-0.06,0.05,0.06,0.10
22.190,-0.22,0.27,-0.06,0.36
22.200,-0.62,-0.12,-0.09,0.64
22.210,-0.56,-0.27,-0.22,0.66
22.220,-0.22,-0.32,-0.21,0.44
22.231,0.03,-0.10,-0.17,0.20
22.241,0.13,-0.06,0.04,0.15
22.251,0.05,-0.07,0.24,0.26
22.261,-0.06,-0.05,0.28,0.29
22.271,-0.17,-0.09,0.18,0.26
22.281,-0.15,-0.08,0.01,0.17
22.291,-0.10,0.01,-0.10,0.14
22.301,-0.02,-0.00,-0.15,0.15
22.311,0.09,0.04,-0.19,0.21
22.321,0.11,0.04,-0.14,0.18
22.331,0.03,-0.06,-0.09,0.12
22.341,-0.12,-0.15,-0.03,0.19
22.351,-0.27,-0.27,0.06,0.39
22.362,-0.31,-0.29,0.06,0.43
22.372,-0.29,-0.23,-0.02,0.37
22.382,-0.16,-0.15,-0.05,0.23
22.392,0.04,-0.05,-0.02,0.07
22.402,0.29,0.15,0.02,0.33
22.412,0.26,0.31,0.10,0.41
22.422,0.07,0.29,0.18,0.35
22.432,-0.09,0.17,0.19,0.27
22.442,-0.25,0.02,0.06,0.26
22.452,-0.16,-0.06,-0.05,0.18
22.462,-0.03,0.08,-0.10,0.13
22.472,0.16,0.49,-0.26,0.58
22.482,0.15,0.60,-0.02,0.62
22.492,0.18,0.88,0.12,0.90
22.502,0.23,1.13,0.07,1.15
22.513,-0.01,0.49,0.17,0.52
22.523,-0.05,0.02,0.11,0.12
22.533,0.15,-0.42,-0.08,0.45
22.543,0.37,-0.88,-0.25,0.99
22.553,0.35,-1.27,-0.28,1.35
22.563,0.27,-1.32,-0.16,1.36
22.573,0.29,-0.93,-0.13,0.98
22.583,0.04,-0.58,-0.08,0.59
22.593,-0.35,-0.34,-0.06,0.49
22.603,-0.89,-0.39,0.04,0.97
22.613,-1.21,-0.53,0.04,1.32
22.623,-1.10,-0.20,0.08,1.12
22.633,-1.06,-0.37,0.21,1.15
22.643,-1.05,-0.81,0.11,1.33
22.653,-0.94,-1.09,-0.02,1.44
22.664,-0.62,-1.07,0.07,1.24
22.674,-0.18,-0.83,0.11,0.86
22.684,0.38,-0.60,0.12,0.72
22.694,1.01,-0.09,0.06,1.01
22.704,1.17,0.17,-0.18,1.20
22.714,1.16,0.43,-0.38,1.29
22.724,0.92,0.60,-0.40,1.17
22.734,0.65,0.53,-0.22,0.87
22.744,0.49,0.50,-0.01,0.70
22.754,0.32,0.46,0.17,0.58
22.764,0.21,0.47,0.20,0.55
22.774,0.03,0.45,0.19,0.49
22.784,-0.21,0.35,0.23,0.46
22.794,-0.26,0.46,0.19,0.57
22.804,-0.34,0.81,0.12,0.88
22.815,-0.64,0.53,-0.15,0.84
22.825,-0.74,0.49,-0.31,0.94
22.835,-0.87,0.18,-0.24,0.92
22.845,-0.93,-0.08,-0.05,0.94
22.855,-0.81,-0.13,-0.07,0.83
22.865,-0.57,0.18,-0.03,0.60
22.875,-0.27,0.52,0.03,0.58
22.885,0.02,0.63,0.16,0.65
22.895,0.05,0.38,0.15,0.41
22.905,-0.18,0.07,0.13,0.23
22.915,-0.40,-0.21,0.06,0.46
22.925,-0.37,-0.42,-0.07,0.57
22.935,-0.35,-0.66,-0.11,0.75
22.946,-0.25,-0.84,-0.05,0.88
22.956,0.06,-0.69,-0.15,0.71
22.966,0.46,-0.41,-0.18,0.64
22.976,0.52,-0.22,-0.27,0.63
22.986,0.68,-0.22,0.03,0.72
22.996,0.33,-0.93,0.29,1.03
23.006,0.37,-0.87,0.68,1.17
23.016,0.55,0.08,0.72,0.91
23.026,1.07,1.74,0.51,2.11
23.036,1.43,2.66,0.03,3.02
23.046,1.51,2.74,-0.49,3.17
23.056,1.32,2.00,-0.67,2.49
23.066,1.07,1.26,-0.43,1.71
23.076,0.67,1.28,0.11,1.45
23.086,0.30,1.84,0.56,1.94
23.097,-0.22,1.68,0.49,1.76
23.107,-0.64,0.92,0.20,1.14
23.117,-0.82,-0.05,-0.03,0.82
23.127,-0.74,-0.60,-0.17,0.97
23.137,-0.68,-0.80,-0.31,1.10
23.147,-0.35,-0.77,-0.42,0.94
23.157,0.25,-0.56,-0.31,0.69
23.167,0.66,-0.33,-0.28,0.79
23.177,0.74,-0.79,-0.27,1.12
23.187,0.87,-0.88,-0.09,1.24
23.197,0.87,-0.50,0.23,1.04
23.207,0.93,0.20,0.23,0.98
23.217,0.73,0.74,0.14,1.05
23.227,0.02,0.58,0.03,0.58
23.238,-0.69,0.08,-0.14,0.71
23.248,-0.83,0.03,-0.17,0.85
23.258,-1.02,0.13,-0.05,1.03
23.268,-1.02,0.20,-0.03,1.04
23.278,-0.99,0.05,0.03,0.99
23.288,-1.06,-0.12,0.03,1.07
23.298,-1.13,-0.18,-0.08,1.15
23.308,-1.09,-0.26,-0.13,1.13
23.318,-0.86,0.16,0.13,0.88
23.328,-0.52,0.79,0.49,1.06
23.338,0.34,1.02,0.72,1.30
23.348,1.08,0.76,0.46,1.40
23.358,1.51,0.57,-0.24,1.63
23.368,1.76,0.63,-0.67,1.99
23.378,1.75,0.46,-0.66,1.93
23.388,1.07,0.14,-0.53,1.20
23.399,0.14,-0.07,-0.32,0.36
23.409,-0.97,-0.39,-0.29,1.09
23.419,-1.55,-0.48,-0.18,1.63
23.429,-1.01,-0.60,-0.03,1.18
23.439,0.02,-0.81,0.17,0.83
23.449,0.68,-1.29,0.36,1.51
23.459,0.63,-1.94,0.32,2.06
23.469,0.20,-1.88,0.28,1.91
23.479,-0.08,-0.98,0.17,1.00
23.489,-0.63,-0.12,0.15,0.66
23.499,-1.05,0.31,0.15,1.10
23.509,-1.13,0.30,0.01,1.17
23.519,-0.87,0.49,-0.19,1.02
23.530,-0.57,0.71,-0.22,0.94
23.540,-0.32,0.96,-0.13,1.02
23.550,-0.25,1.09,0.01,1.12
23.560,-0.41,1.10,0.20,1.19
23.570,-0.72,1.15,0.29,1.39
23.580,-0.95,1.25,0.30,1.60
23.590,-0.60,0.50,0.17,0.80
23.600,-0.11,-0.02,-0.36,0.38
23.610,-0.12,0.49,-0.39,0.63
23.620,-0.27,0.99,-0.10,1.03
23.630,-0.31,0.72,0.05,0.79
23.640,-0.87,0.70,-0.06,1.12
23.650,-0.95,-0.65,0.43,1.23
23.660,0.12,-3.15,-0.10,3.15
23.670,1.11,-2.98,-0.10,3.19
23.681,2.33,-1.91,0.14,3.02
23.691,2.20,-0.57,-0.12,2.28
23.701,0.44,-0.99,-0.60,1.24
23.711,0.04,-1.27,-0.48,1.36
23.721,0.02,-0.74,-0.46,0.87
23.731,0.07,-0.64,-0.42,0.76
23.741,0.10,-0.66,-0.28,0.72
23.751,0.17,-0.90,-0.17,0.93
23.761,0.12,-0.88,-0.10,0.90
23.771,-0.16,-0.54,-0.04,0.56
23.781,-0.30,-0.28,0.08,0.42
23.791,-0.25,-0.15,0.14,0.33
23.801,-0.29,-0.19,0.06,0.35
23.811,-0.94,-0.41,0.28,1.06
23.822,-1.05,-1.62,0.63,2.03
23.832,-0.83,-2.25,0.50,2.45
23.842,-0.63,-1.59,0.27,1.73
23.852,-0.24,-0.39,-0.12,0.47
23.862,-0.20,0.33,-0.53,0.65
23.872,-0.08,0.34,-0.78,0.86
23.882,0.49,0.04,-0.74,0.89
23.892,1.37,-0.21,-0.53,1.49
23.902,1.45,-0.31,-0.29,1.51
23.912,0.99,-0.45,-0.00,1.09
23.922,0.69,-0.97,0.17,1.20
23.932,0.43,-1.52,-0.08,1.58
23.942,0.18,-1.54,-0.20,1.57
23.952,0.12,-0.96,-0.25,1.00
23.963,-0.60,-0.73,0.09,0.95
23.973,-1.17,-0.37,0.14,1.23
23.983,-1.20,-0.49,0.20,1.31
23.993,-0.76,-0.75,0.39,1.14
24.003,0.82,2.20,0.38,2.38
24.013,2.99,5.17,-0.13,5.97
24.023,3.76,3.58,-1.17,5.33
24.033,3.05,0.22,-1.63,3.47
24.043,1.79,-1.69,-0.88,2.61
24.053,0.42,-1.98,0.72,2.15
24.063,-0.70,-1.86,1.97,2.80
24.073,-1.44,-1.33,1.88,2.71
24.083,-1.89,-0.21,0.68,2.02
24.093,-1.88,0.24,-0.59,1.99
24.103,-1.70,0.09,-1.38,2.19
24.114,-1.60,0.44,-1.33,2.13
24.124,-1.55,0.23,-1.21,1.98
24.134,-1.70,-0.34,-1.03,2.01
24.144,-1.80,-0.65,-0.83,2.09
24.154,-1.69,-0.43,-0.42,1.79
24.164,-1.31,0.08,-0.13,1.32
24.174,-0.67,0.45,0.14,0.82
24.184,-0.11,0.60,0.17,0.63
24.194,0.49,0.76,-0.05,0.90
24.204,1.10,0.42,-0.11,1.18
24.214,1.47,-0.30,-0.13,1.50
24.224,1.38,-1.39,0.13,1.96
24.234,0.70,-2.15,-0.38,2.30
24.244,0.09,-2.48,1.24,2.77
24.255,0.12,-1.61,2.32,2.83
24.265,0.32,-0.91,1.56,1.83
24.275,0.27,-0.61,0.27,0.72
24.285,0.38,-1.16,0.61,1.37
24.295,0.81,-1.48,1.38,2.18
24.305,1.13,-1.77,0.13,2.10
24.315,1.53,-1.99,-0.37,2.53
24.325,1.95,-1.79,-0.31,2.66
24.335,2.17,-1.50,-1.08,2.86
24.345,2.20,-1.75,-1.78,3.33
24.355,1.17,-1.86,-1.87,2.88
24.365,-0.20,-1.65,-1.58,2.29
24.375,-1.01,-1.57,-1.87,2.64
24.385,-1.08,-1.60,-2.06,2.83
24.395,-0.76,-1.50,-2.60,3.10
24.406,-0.20,-1.25,-3.16,3.40
24.416,1.11,-1.04,-3.80,4.09
24.426,3.51,-0.75,-4.34,5.63
24.436,4.33,-0.44,-3.70,5.71
24.446,4.32,0.10,-2.22,4.86
24.456,4.65,1.31,-2.02,5.24
24.466,5.02,2.20,-2.32,5.96
24.476,5.00,2.75,-3.44,6.66
24.486,4.67,3.09,-4.63,7.27
24.496,4.22,3.34,-5.34,7.58
24.506,3.69,3.28,-5.49,7.38
24.516,3.57,3.61,-5.11,7.20
24.526,3.71,4.45,-4.30,7.22
24.536,3.81,5.03,-3.64,7.29
24.547,3.75,4.68,-3.16,6.78
24.557,3.33,3.52,-2.74,5.57
24.567,3.12,2.16,-2.13,4.35
24.577,3.07,1.73,-1.43,3.80
24.587,3.22,2.14,-0.88,3.96
24.597,3.46,2.53,-0.63,4.33
24.607,3.26,2.32,-0.61,4.05
24.617,2.35,1.29,-0.64,2.76
24.627,0.53,-0.17,-0.76,0.94
24.637,-1.55,-1.62,-0.78,2.37
24.647,-2.50,-2.92,-0.74,3.92
24.657,-2.38,-3.40,-0.86,4.23
24.667,-1.68,-3.20,-0.86,3.71
24.677,-0.89,-2.91,-0.78,3.14
24.687,-0.32,-2.78,-0.76,2.90
24.698,-0.42,-2.78,-0.91,2.95
24.708,-0.88,-2.74,-1.02,3.05
24.718,-1.37,-2.75,-1.11,3.27
24.728,-1.83,-2.75,-1.20,3.51
24.738,-2.23,-2.46,-1.29,3.56
24.748,-2.45,-2.35,-1.34,3.65
24.758,-2.67,-2.08,-1.76,3.82
24.768,-2.77,-1.52,-2.06,3.77
24.778,-2.87,-0.93,-2.15,3.71
24.788,-2.89,-0.49,-2.21,3.67
24.798,-2.51,-0.43,-2.23,3.39
24.808,-1.81,-0.82,-2.30,3.04
24.818,-1.32,-1.50,-2.43,3.14
24.829,-1.17,-2.02,-2.49,3.41
24.838,-1.45,-2.12,-2.41,3.53
24.849,-1.90,-1.76,-2.03,3.29
24.859,-2.22,-1.16,-1.49,2.91
24.869,-2.21,-0.86,-0.76,2.49
24.879,-2.03,-0.89,-0.29,2.24
24.889,-1.74,-0.77,-0.08,1.90
24.899,-1.54,-0.86,-0.14,1.77
24.909,-1.21,-1.38,-0.34,1.87
24.919,-0.79,-1.60,-0.75,1.93
24.929,-0.34,-1.31,-1.20,1.80
24.939,0.33,-1.25,-1.69,2.13
24.949,0.26,-0.62,-1.97,2.08
24.959,-0.33,-0.65,-2.26,2.38
24.969,-1.01,-1.18,-2.31,2.78
24.980,-0.99,-1.72,-1.94,2.77
24.990,-0.91,-0.89,-1.33,1.84
25.000,-0.45,-0.59,-0.92,1.18
25.010,-0.26,-0.29,-0.90,0.98
25.020,-0.20,0.19,-0.50,0.57
25.030,1.79,-0.17,3.74,4.15
25.040,0.26,-0.71,2.84,2.93
25.050,1.34,-0.72,3.48,3.80
25.060,1.97,-1.12,0.88,2.42
25.070,2.61,-1.23,-1.08,3.08
25.080,2.63,-1.45,-1.80,3.50
25.090,1.59,-1.58,-1.18,2.54
25.100,0.09,-1.45,0.18,1.46
25.110,-1.03,-1.76,1.46,2.50
25.121,-1.91,-2.18,2.32,3.71
25.131,-1.21,-2.12,2.51,3.50
25.141,0.07,-1.99,1.74,2.64
25.151,1.25,-1.67,0.94,2.28
25.161,1.74,-1.30,0.13,2.17
25.171,1.54,-0.97,-0.58,1.91
25.181,0.90,-0.80,-1.09,1.63
25.191,0.29,-0.65,-1.40,1.57
25.201,-0.13,-0.54,-1.51,1.61
25.211,-0.34,-0.62,-1.48,1.64
25.221,-0.15,-0.50,-1.40,1.50
25.231,0.17,-0.22,-1.40,1.43
25.241,0.59,0.13,-1.46,1.58
25.251,0.76,0.50,-1.49,1.74
25.261,0.50,0.82,-1.42,1.71
25.271,0.10,0.86,-1.03,1.34
25.282,-0.14,0.65,-0.54,0.85
25.292,-0.24,0.28,-0.33,0.50
25.302,-0.35,-0.09,-0.33,0.49
25.312,-0.30,-0.34,-0.29,0.54
25.322,0.04,-0.29,-0.20,0.35
25.332,0.36,-0.19,0.07,0.41
25.342,0.20,-0.34,0.42,0.58
25.352,-0.08,-0.44,0.71,0.84
25.362,-0.27,-0.49,0.94,1.09
25.372,-0.35,-0.55,1.07,1.25
25.382,-0.39,-0.37,1.27,1.38
25.392,-0.39,0.90,0.72,1.22
25.402,-0.30,0.91,-0.73,1.20
25.413,0.01,-0.71,-1.38,1.55
25.423,0.56,-1.66,-1.12,2.08
25.433,1.01,-1.41,-0.21,1.75
